Date,Adj_eff,P5_eff,P5_sap_draw,P5_actual_draw,P5_seed,Total SAP Draw,Adjusted Draw,Total Cullet %,Melting cost-Rs/ton/Draw,Barrier Boosting (kWh),Capacitive Boosting (kWh),Boosting (kWh),Barrier Boosting Per ton (kWh/ton),Capacitive Boosting Per ton (kWh/ton),FO-Furnace Consumption (MT),FO-Furnace Consumption (kg per MT),LPG -WE/FHs Consumption(kg),Melting Energy -Kcal//Draw of glass,Bottom Front (oC),Throat Riser (oC),LPG WE & FH (Kg /Ton/ draw),Boosting per ton (kWh/ton draw),FO density (Specific Gravity),FO consumption (Liters),FO L/ton,Glass CE-kg,Glass Packing-kg,FURNACE COMBUSTION AIR FLOW,FURNACE GAS FLOW,FURNACE GLASS LEVEL,FURNACE OIL FLOW,FURNACE PRESSURE,WORKING END ZONE 1 TEMPERATURE,WORKING END ZONE 2 TEMPERATURE,WORKING END ZONE 3 TEMPERATURE,LINE P5 ZONE 1 LEFT BOTTOM TEMPERATURE,LINE P5 ZONE 1 LEFT MIDDLE TEMPERATURE,LINE P5 ZONE 1 LEFT TOP TEMPERATURE,LINE P5 ZONE 1 MIDDLE BOTTOM TEMPERATURE,LINE P5 ZONE 1 MIDDLE MIDDLE TEMPERATURE,LINE P5 ZONE 1 MIDDLE TOP TEMPERATURE,LINE P5 ZONE 1 RIGHT BOTTOM TEMPERATURE,LINE P5 ZONE 1 RIGHT MIDDLE TEMPERATURE,LINE P5 ZONE 1 RIGHT TOP TEMPERATURE,CIMANY CHANNEL TEMPERATURE,COMBUSTION AIR MELTING END TEMPERATURE,ELECTRODE HOLDER 1 TEMPERATURE,ELECTRODE HOLDER 2 TEMPERATURE,ELECTRODE HOLDER 3 TEMPERATURE,ELECTRODE HOLDER 4 TEMPERATURE,ELECTRODE HOLDER 5 TEMPERATURE,ELECTRODE HOLDER 6 TEMPERATURE,ELECTRODE HOLDER 7 TEMPERATURE,ELECTRODE HOLDER 8 TEMPERATURE,MELTING END BEHIND FRONT TEMPERATURE,MELTING END BOTTOM BEHIND RIGHT TEMPERATURE,MELTING END BOTTOM MIDDLE TEMPERATURE,MELTING END CROWN BEHIND TEMPERATURE,MELTING END CROWN INFRONT TEMPERATURE,MELTING END CROWN MIDDLE TEMPERATURE,REGENERATOR LEFT BOTTOM TEMPERATURE,REGENERATOR LEFT CROWN TEMPERATURE,REGENERATOR RIGHT BOTTOM TEMPERATURE,REGENERATOR RIGHT CROWN TEMPERATURE,THROAT ON SIDE TEMPERATURE,FOREHEART LINE P5 ZONE 1 BOTTOM TEMPERATURE,FOREHEART LINE P5 ZONE 1 MIDDLE TEMPERATURE,FOREHEART LINE P5 ZONE 1 TOP TEMPERATURE,FOREHEART LINE P5 ZONE 2 TEMPERATURE,FOREHEART LINE P5 ZONE 3 TEMPERATURE,FOREHEART LINE P5 ZONE 4 TEMPERATURE,FOREHEART LINE P5 ZONE 5 TEMPERATURE,PYROMETER WE ZONE 1 TEMPERATURE,PYROMETER WE ZONE 2 TEMPERATURE,PYROMETER WE ZONE 3 TEMPERATURE,THERMOCOUPLE WE ENTRANCE TEMPERATURE,CAPACITOR BOOSTING ELCTRODE 01 CURRENT,CAPACITOR BOOSTING ELCTRODE 01 TEMPERATURE,CAPACITOR BOOSTING ELCTRODE 02 CURRENT,CAPACITOR BOOSTING ELCTRODE 02 TEMPERATURE,CAPACITOR BOOSTING ELCTRODE 03 CURRENT,CAPACITOR BOOSTING ELCTRODE 03 TEMPERATURE,CAPACITOR BOOSTING ELCTRODE 04 CURRENT,CAPACITOR BOOSTING ELCTRODE 04 TEMPERATURE,CAPACITOR BOOSTING ELCTRODE 05 CURRENT,CAPACITOR BOOSTING ELCTRODE 05 TEMPERATURE,CAPACITOR BOOSTING ELCTRODE 06 CURRENT,CAPACITOR BOOSTING ELCTRODE 06 TEMPERATURE,CAPACITOR BOOSTING ELCTRODE 07 CURRENT,CAPACITOR BOOSTING ELCTRODE 07 TEMPERATURE,CAPACITOR BOOSTING ELCTRODE 08 CURRENT,CAPACITOR BOOSTING ELCTRODE 08 TEMPERATURE,CAPACITOR BOOSTING ELCTRODE 09 CURRENT,CAPACITOR BOOSTING ELCTRODE 09 TEMPERATURE,CAPACITOR BOOSTING ELCTRODE 10 CURRENT,CAPACITOR BOOSTING ELCTRODE 10 TEMPERATURE,CAPACITOR BOOSTING SERVO MOTOR,CAPACITOR BOOSTING TRANSFORMER BM POWER HYST,CAPACITOR BOOSTING TRANSFORMER BM POWER SP,CAPACITOR BOOSTING TRANSFORMER BM POWER SPH,CAPACITOR BOOSTING TRANSFORMER BM POWER SPPROD,CAPACITOR BOOSTING TRANSFORMER BM PRODUCTION,CAPACITOR BOOSTING TRANSFORMER KWH help,CAPACITOR BOOSTING TRANSFORMER KWH memo,CAPACITOR BOOSTING TRANSFORMER KWH presmonth,CAPACITOR BOOSTING TRANSFORMER KWH prvmonth,CAPACITOR BOOSTING TRANSFORMER KWH today,CAPACITOR BOOSTING TRANSFORMER KWH yesterday,CAPACITOR BOOSTING TRANSFORMER L1 L2 Po WORKING END r,CAPACITOR BOOSTING TRANSFORMER L1 L2 Volt,CAPACITOR BOOSTING TRANSFORMER L1 L3 Po WORKING END r,CAPACITOR BOOSTING TRANSFORMER L1 L3 Volt,CAPACITOR BOOSTING TRANSFORMER L1 PE Volt,CAPACITOR BOOSTING TRANSFORMER L1 Tota lCurrent,CAPACITOR BOOSTING TRANSFORMER L1 Total Current Limit,CAPACITOR BOOSTING TRANSFORMER L2 L3 Po WORKING END r,CAPACITOR BOOSTING TRANSFORMER L2 L3 Volt,CAPACITOR BOOSTING TRANSFORMER L2 PE Volt,CAPACITOR BOOSTING TRANSFORMER L2 Total Current,CAPACITOR BOOSTING TRANSFORMER L2 Total Current Limit,CAPACITOR BOOSTING TRANSFORMER L3 PE Volt,CAPACITOR BOOSTING TRANSFORMER L3 Total Current,CAPACITOR BOOSTING TRANSFORMER L3 Total Current Limit,CAPACITOR BOOSTING TRANSFORMER Resistor R,CAPACITOR BOOSTING TRANSFORMER Resistor S,CAPACITOR BOOSTING TRANSFORMER Resistor T,CAPACITOR BOOSTING TRANSFORMER Total Po WORKING END r,ELCTRODE PROT ACTIVE EARTH,Furnace Draw,SFC ( kcal per kg),FO ( Lts),FO (Lts/ Ton),SPV_oil,PVV_oil,QVV_oil,SPRV_oil,PVRV_oil,FLV_oil,FRV_oil,SPV_combustion,PVV_combustion,QVV_combustion,SPRV_combustion,FLV_combustion,FRV_combustion,Air to Fuel Ratio,P5_defect,Density (g/cm3),SiO2,Al2O3,Fe2O3,CaO,MgO,Na2O,K2O,TiO2
16-Dec-21,86.78770036,91.3,56.78,56.8,14,305.99,305.7,30,10393,5989,30410,36399,19.57,99.38,28.644,93.61,5540,1016,1219,1323,18.11,118.95,0.912,31408,103,30,90.8,14953.36135,-0.405268436,-0.026074868,1187.093874,0.352044558,1266.400147,1264.831081,1242.44631,1399.943163,1105.538936,1417.452357,1130.961512,1131.923703,1131.937991,792.8764846,793.0527687,864.833103,490.7885154,13482.48249,226.3732493,181.859944,221.7464986,240.1806723,247.7542017,204.5847339,257.3445378,208.855042,1218.044118,1045.590336,55537,1468.35014,1580.921569,1523.663866,422.0735294,1390.976891,469.0602241,1386.534314,998.6554622,1197.435574,1197.490196,1194.77591,1210.711485,1214.922969,1231.678571,1226.148459,1268.272409,1266.827031,1243.369748,1320.77521,1340.794073,272.9978773,1051.136657,231.5084701,813.8827308,292.6169051,967.7644192,299.2369901,1212.201893,287.5590866,1392.863626,228.7355598,1342.743754,310.2347987,1326.700125,319.6413921,1347.752699,558.7676081,893.9099958,260.8735561,67.80693054,10,250,940,1200,298,0.505930731,16777216,424328.9902,774228,15223.02241,30431.07703,722.9414667,188.2861132,717.2391767,186.3740075,95.49296795,3582.460415,4300,758.5651573,185.866451,117.8645351,4062.310743,4300,102.1374593,4044.987319,4300,49.33213953,45.6433248,48.6979434,1269.583925,6.306441835,310,994,31000,100,1241.751043,1208.605779,35.65941586,13970.11511,14376.27752,0.473574409,0.495827538,13970.11511,14376.27752,72.54807371,13970.11511,0.473574409,0.495827538,11.89492701,1.55,2.5234,70.16,1.71,0.135,10.09,3.14,13.45,0.81,0.041
17-Dec-21,85.3426893,92,57.2,57.2,22,306.74,306.4,30,10285,5808,30526,36334,18.93,99.52,28.388,92.55,5448,1006,1216,1320,17.76,118.45,0.906,31333,102,49,198.2,15017.13136,-0.405060186,-0.020872875,1193.444481,0.360709468,1266.875509,1265.246836,1234.417165,1346.031785,1106.272467,1456.524371,1131.202366,1131.994477,1131.8292,792.8768316,793.0531105,862.5392912,491.0638889,13536.66875,223.7902778,180.1972222,219.9743056,239.6354167,245.00625,201.3569444,256.9326389,208.55625,1216.243056,1045.670139,43063.80833,1463.376389,1584.249306,1520.954861,428.4236111,1393.88125,463.8722222,1389.020139,998.0388889,1197.823611,1197.764583,1194.61875,1210.552083,1214.796528,1231.534722,1225.435417,1268.588889,1267.115278,1235.315972,1320.124306,1334.665558,273.0531393,1044.268825,231.4696659,806.4244178,291.0650545,960.9515649,298.6400496,1206.469828,287.1026229,1384.268504,228.2704018,1329.906123,314.4340818,1301.396524,318.5245467,1334.217467,557.1122653,877.4940544,260.4390948,67.80693054,10,250,940,1200,298,0.501877587,16777216,454639.1722,774228,15188.38472,30402.85,722.3689274,188.5951488,715.3994988,186.8659336,95.62046672,3546.377075,4300,756.9060941,186.0631749,117.7883397,4015.569944,4300,102.2568479,4018.115439,4300,49.86499208,46.13084926,49.49997191,1267.245634,6.078659484,310,994,31000,100,1241.751043,1208.605779,35.65941586,13970.11511,14376.27752,0.473574409,0.495827538,13970.11511,14376.27752,72.54807371,13970.11511,0.473574409,0.495827538,11.89492701,1.55,2.5223,70.16,1.71,0.135,10.09,3.14,13.45,0.81,0.041
18-Dec-21,88.30009807,91.9,56.81,56.8,24,306.16,305.9,30,10375,5562,31083,36645,18.17,101.53,28.576,93.34,5676,1014,1212,1320,18.54,119.69,0.916,31197,102,49,123,15005.4045,-0.405107902,-0.026507325,1192.086402,0.358583083,1263.373464,1261.527201,1232.156321,1352.546885,1106.42093,1452.435207,1131.668344,1132.375806,1131.901529,792.87863,793.0523103,860.9400562,491.1645833,13527.36597,225.0229167,180.2291667,220.5340278,239.8166667,244.7458333,202.6493056,255.95,207.8840278,1211.710417,1041.590972,4957.842361,1473.460417,1588.445833,1528.574306,432.4430556,1397.592361,460.3125,1396.085417,993.9166667,1198.138889,1198.060417,1194.710417,1210.654861,1214.861111,1231.639583,1225.445833,1265.129167,1263.48125,1233.145833,1316.306944,1344.307407,271.2160019,1052.751656,238.917824,811.1356269,288.6364316,960.6666327,296.1656036,1203.6611,284.9628667,1386.938576,227.8812231,1335.759468,313.4869305,1318.993136,318.0225239,1350.330746,554.3680058,889.9920433,259.1690784,67.80693054,10,250,940,1200,298,0.510314686,16777216,485420.884,774228,15457.27153,30512.825,737.433212,191.8371915,732.4394931,190.1995564,97.04837001,3584.627381,4300,771.0045889,189.2045716,120.4718854,4041.687161,4300,104.0739776,4028.211797,4300,50.31404324,46.566332,49.7548365,1293.931994,6.041284876,310,994,31000,100,1241.751043,1208.605779,35.65941586,13970.11511,14376.27752,0.473574409,0.495827538,13970.11511,14376.27752,72.54807371,13970.11511,0.473574409,0.495827538,11.89492701,1.55,2.5228,70.16,1.71,0.135,10.09,3.14,13.45,0.81,0.041
19-Dec-21,81.12080103,91.8,56.95,57,21,309.86,309.6,30,10359,6346,31047,37393,20.48,100.2,28.834,93.05,5386,1012,1214,1322,17.38,120.68,0.916,31478,102,53,156.1,15093.39206,-0.405090902,-0.046457715,1196.575096,0.357243974,1268.275706,1266.884969,1237.552033,1316.552363,1103.191293,1459.577142,1132.70522,1133.245813,1131.869311,792.8759143,793.0497063,857.415984,491.9840278,13605.525,225.8965278,181.0173611,221.6680556,240.3430556,246.0680556,203.9368056,256.7229167,208.5993056,1213.476389,1044.864583,2182.645833,1477.977083,1581.241667,1529.168056,435.6041667,1395.66875,460.8805556,1396.235417,993.575,1198.302083,1198.20625,1194.704167,1210.623611,1214.888194,1231.623611,1226.102083,1269.926389,1268.726389,1238.503472,1321.320833,1358.89355,274.4415499,1064.838122,248.5597504,822.2069525,291.0476938,975.788883,299.015001,1224.780171,288.2638905,1407.832996,229.7837089,1356.581149,308.8148668,1334.430461,319.4003147,1362.386671,559.7784111,898.1493567,261.1079824,67.80693054,10,250,940,1200,298,0.499448054,16777216,516528.8826,774228,15541.45139,31023.81875,736.6655211,191.1630983,731.0325928,189.4253471,96.50935557,3619.431186,4300,772.3706673,188.6917439,119.8615454,4098.83898,4300,103.725791,4087.619358,4300,49.60793226,46.09949625,49.08627529,1293.452402,6.192009061,310,994,31000,100,1241.751043,1208.605779,35.65941586,13970.11511,14376.27752,0.473574409,0.495827538,13970.11511,14376.27752,72.54807371,13970.11511,0.473574409,0.495827538,11.89492701,1.55,2.522,70.16,1.71,0.135,10.09,3.14,13.45,0.81,0.041
06-Jan-22,84.57968192,81.1,56.37,56.4,20,308.68,308.1,31,10383,7706,31997,39703,24.96,103.66,28.518,92.39,5212,1013,1221,1321,16.88,128.62,0.918,31065,101,44,105.3,14525.05449,-0.41214762,-0.02976619,1190.601074,0.354761081,1255.596008,1266.710256,1235.322571,1460.266014,1122.585402,1459.573017,1139.60011,1139.651051,1139.035815,792.8750977,793.0482624,857.1272598,500.0548611,13094.26111,229.1375,181.6923611,223.5763889,240.8826389,248.9013889,204.9888889,258.0229167,209.2027778,1220.590972,1043.864583,21694.78403,1474.519444,1576.559028,1529.217361,432.2118056,1385.210417,480.8756944,1383.573611,1009.456944,1198.78125,1198.695139,1195.955556,1210.700694,1214.889583,1231.657639,1225.256944,1257.58125,1268.663889,1236.354861,1318.482639,1334.559062,283.5021181,1045.859053,258.2894474,804.8169055,296.2977417,947.3560474,301.2914674,1203.61328,291.4190277,1385.925045,237.3220505,1343.182148,312.1583158,1322.626513,327.4838458,1350.701681,571.6143439,893.2050571,266.4776249,67.80693054,10,250,940,1200,298,0.483480883,16777216,166479.3,898491,15833.3875,31207.4875,756.2410316,199.5242576,755.1143784,197.9159433,98.57151848,3578.460169,4300,795.564938,197.5645256,127.5848282,4051.728481,4300,109.0941358,4001.650114,4300,52.64588396,49.06552679,51.87896141,1332.011595,7.005027476,309,1013,31065,101,1241.751043,1208.605779,35.65941586,13970.11511,14376.27752,0.473574409,0.495827538,13970.11511,14376.27752,72.54807371,13970.11511,0.473574409,0.495827538,11.89492701,1.55,2.5178,71.1,1.74,0.135,9.62,3.09,13.39,0.42,0.038
07-Jan-22,88.35278426,83.3,56.19,56.2,7,302.49,299.9,31,10617,6838,30786,37624,22.61,101.78,28.824,95.29,5403,1037,1222,1220,17.86,124.38,0.921,31296,103,59,105.3,14075.99569,-0.409111343,-0.031245054,1169.688908,0.36057246,1256.884003,1267.623647,1235.501455,1460.265676,1123.174378,1459.569314,1139.691013,1139.636044,1139.049054,792.8762798,793.0518464,856.0934067,492.5173611,12689.36667,229.4069444,181.5173611,222.8097222,241.6215278,249.0805556,203.7909722,258.3694444,209.8770833,1222.594444,1046.926389,32769,1478.370139,1577.0375,1533.057639,440.4555556,1387.3375,466.7840278,1387.330556,1011.402778,1199.196528,1199.122222,1196.698611,1210.751389,1214.967361,1231.708333,1225.229167,1258.84375,1269.570833,1236.4625,1320.734722,1316.177181,282.9446339,1028.986226,258.7948494,793.7512025,296.138117,938.0272638,302.2463277,1194.155493,292.9497011,1372.100856,237.376544,1327.124326,312.7878989,1287.960953,324.907891,1325.882523,570.5025085,876.8361776,266.2936457,67.80693054,10,250,940,1200,298,0.505143644,16777216,198109.2111,898491,15535.89236,31927.40625,728.9441898,194.9765142,725.7101929,193.2716043,97.2903645,3518.91116,4300,765.9846064,192.7986109,123.0510227,3987.20542,4300,106.6845581,3954.922595,4300,52.17739008,48.55342323,51.5000468,1282.20911,7.299262159,302,1037,31296,103,1241.751043,1208.605779,35.65941586,13970.11511,14376.27752,0.473574409,0.495827538,13970.11511,14376.27752,72.54807371,13970.11511,0.473574409,0.495827538,11.89492701,1.55,2.5163,71.1,1.74,0.135,9.62,3.09,13.39,0.42,0.038
08-Jan-22,86.02829878,88.5,56.2,56.2,24,304.3,303.9,31,10269,7214,30150,37364,23.71,99.08,27.96,91.88,5224,1003,1225,1324,17.17,122.79,0.921,30358,100,350,105.3,14047.17179,-0.405373741,-0.048669226,1172.256784,0.365336261,1256.594137,1266.744181,1235.835724,1460.264818,1121.391727,1459.565805,1139.558691,1139.116155,1137.321251,792.8762123,793.0509473,846.3414903,495.8333333,12663.12431,229.1520833,181.0972222,222.9256944,241.1826389,248.7694444,203.9027778,258.0006944,209.5194444,1223.333333,1045.713194,32769,1477.814583,1571.334722,1529.692361,441.6166667,1383.229167,465.0930556,1382.457639,1013.663889,1199.023611,1198.992361,1196.654861,1210.685417,1214.850694,1231.636806,1225.370139,1258.5,1268.747917,1236.777778,1320.172222,1301.15339,283.4727037,1018.220326,259.202595,785.0859244,295.6814234,929.5271509,302.3878712,1185.464491,293.067611,1359.602461,237.3232532,1317.703113,311.8766795,1286.41292,333.5141787,1315.778519,568.3031916,874.4622881,266.9622861,67.80693054,10,250,940,1200,298,0.510404335,16777216,228474.8569,898491,14986.86944,30914.66875,715.9049055,193.1062403,714.1429347,191.4469038,96.14144486,3491.394195,4300,753.2111991,190.9803239,122.3345874,3963.716079,4300,105.5233895,3918.293875,4300,52.12631181,48.46674256,51.36519524,1260.627385,7.222804958,304,1003,30358,100,1241.751043,1208.605779,35.65941586,13970.11511,14376.27752,0.473574409,0.495827538,13970.11511,14376.27752,72.54807371,13970.11511,0.473574409,0.495827538,11.89492701,1.55,2.5141,71.1,1.74,0.135,9.62,3.09,13.39,0.42,0.038
09-Jan-22,87.64325024,90.8,56.4,56.4,18,308.92,308.9,31,10206,7312,31521,38833,23.67,102.04,28.08,90.9,5314,996,1222,1320,17.2,125.71,0.912,30789,100,34,105.3,14369.65559,-0.417595192,-0.034221119,1184.077125,0.367524966,1257.175649,1268.060659,1237.390442,1460.265233,1120.945799,1459.570758,1139.309854,1138.925011,1137.13032,792.8771151,793.0529378,843.3263952,495.6296039,12953.85685,229.0521195,180.8818624,222.342599,240.913829,248.7060459,204.1000695,257.9548297,209.257123,1223.504517,1044.186935,32769,1478.824183,1570.559416,1531.136206,443.742877,1383.150799,462.9555247,1383.160528,1016.373176,1198.779013,1198.86171,1196.747741,1210.719249,1214.934677,1231.726199,1225.973593,1259.217512,1270.128562,1238.441279,1320.992356,1321.37118,283.4756946,1031.690361,259.2664174,798.583365,295.7375378,948.0718961,301.745032,1209.877212,292.3094727,1387.050632,239.1417642,1343.095292,312.4679003,1309.879146,335.0959971,1339.882858,570.7211346,886.0951026,267.7445278,67.80693054,10,250,940,1200,298,0.511172838,16777216,259202.5504,898491,15499.21404,30217.62196,743.8156918,197.397064,742.4966988,195.6990773,98.29786322,3547.34632,4300,783.3709864,195.1328079,124.8773743,4040.023859,4300,107.9837461,3988.222433,4300,52.39144614,48.61244251,51.58698214,1310.541217,7.250013263,309,996,30789,100,1241.751043,1208.605779,35.65941586,13970.11511,14376.27752,0.473574409,0.495827538,13970.11511,14376.27752,72.54807371,13970.11511,0.473574409,0.495827538,11.89492701,1.55,2.5145,71.1,1.74,0.135,9.62,3.09,13.39,0.42,0.038
10-Jan-22,87.92698827,91.7,56.3,56.3,20,310.13,306.8,31,10084,6037,30687,36724,19.47,98.95,28.059,90.47,5311,985,1224,1222,17.13,118.41,0.912,30766,99,113,105.3,14647.15082,-0.405114564,-0.033355271,1192.823289,0.367575277,1256.719178,1268.64381,1235.275504,1460.265069,1120.490891,1459.565862,1140.47107,1139.802365,1137.125532,792.8763078,793.0504699,843.6856579,492.9826389,13205.20486,227.3597222,180.3701389,221.7833333,241.6020833,248.2722222,202.4493056,257.7861111,209.3395833,1222.936111,1044.627778,32769,1486.230556,1575.870139,1539.508333,443.6694444,1389.451389,459.0611111,1387.956944,1017.348611,1199.152083,1199.110417,1196.703472,1210.764583,1214.9125,1231.716667,1225.53125,1258.641667,1270.581944,1236.3,1322.2875,1321.885854,284.2127202,1032.024416,260.0219435,799.1371717,296.6755884,946.149209,302.1325142,1207.150204,293.2156643,1382.54445,238.8278843,1334.260866,313.4719787,1290.567932,337.7729517,1331.574318,570.5760527,872.0715173,268.3834883,67.80693054,10,250,940,1200,298,0.509782389,16777216,290689.2833,898491,15630.27917,31374.37917,733.7945087,195.3534914,729.4777307,193.6105321,97.36193108,3525.541732,4300,771.7991222,193.076823,122.6328607,4007.380483,4300,107.5829476,3984.465019,4300,52.0262699,48.32087863,51.40663626,1290.551202,7.214375562,310,985,30766,99,1241.751043,1208.605779,35.65941586,13970.11511,14376.27752,0.473574409,0.495827538,13970.11511,14376.27752,72.54807371,13970.11511,0.473574409,0.495827538,11.89492701,1.55,2.5142,70.87,1.77,0.142,9.88,2.97,13.48,0.39,0.037
11-Jan-22,86.88609229,93.5,56.14,56.1,25,310.23,309.9,31,10331,5860,31141,37001,18.89,100.38,28.828,92.92,5383,1010,1217,1224,17.35,119.27,0.913,31575,102,67,105.3,14813.31364,-0.405094135,-0.030467778,1203.183198,0.368028226,1256.264038,1270.075836,1235.001882,1460.264567,1120.610755,1459.566231,1140.897379,1140.12089,1137.138893,792.8751743,793.0503132,840.13433,493.7902778,13354.73542,227.7215278,180.7048611,222.30625,241.4298611,248.4604167,202.6625,258.4736111,209.7645833,1221.984028,1047.061111,36026.08889,1489.736111,1580.914583,1542.124306,450.925,1397.422222,453.2805556,1394.996528,1019.290972,1199.154861,1199.138889,1196.768056,1210.820833,1214.906944,1231.674306,1224.775,1258.31875,1272.009028,1236.002083,1322.921528,1321.606948,285.2184601,1030.350195,260.6086057,796.1488077,297.0833333,942.92374,301.8853596,1203.338798,293.5486592,1378.594794,239.3945304,1331.499565,313.3224808,1286.886731,339.4053769,1330.374307,572.0394441,871.8480748,268.6202731,67.80693054,10,250,940,1200,298,0.504166763,16777216,321259.3889,898491,15402.88264,30775.6125,732.9887204,195.5021702,728.9524674,193.7967304,97.03462577,3523.816066,4300,769.9804585,193.1754919,123.2592103,3996.976662,4300,107.7619601,3972.749887,4300,52.1591609,48.47933303,51.53911546,1288.736544,7.112258471,310,1010,31575,102,1241.751043,1208.605779,35.65941586,13970.11511,14376.27752,0.473574409,0.495827538,13970.11511,14376.27752,72.54807371,13970.11511,0.473574409,0.495827538,11.89492701,1.55,2.5144,70.87,1.77,0.142,9.88,2.97,13.48,0.39,0.037
12-Jan-22,86.8361399,87.6,56.42,56.4,12,309.06,308.8,31,10329,5176,30073,35249,16.75,97.3,28.9,93.51,5575,1011,1217,1326,18,114.05,0.913,31654,102,52,105.3,14929.8341,-0.405106746,-0.030110984,1210.32984,0.367108863,1255.971273,1271.919607,1236.848602,1460.264309,1120.324589,1459.566229,1140.737937,1140.010473,1137.147493,792.872054,793.0465268,840.0672517,497.8145833,13460.10694,227.0958333,180.5916667,222.0298611,240.925,247.8847222,201.5659722,258.6840278,210.4118056,1215.520833,1047.775,32769,1491.08125,1579.519444,1543.568056,471.1729167,1390.278472,440.725,1399.158333,1032.086806,1199.147222,1199.141667,1196.752083,1210.782639,1214.944444,1231.761111,1225.347222,1258.004167,1273.961806,1237.874306,1324.392361,1315.830359,286.2581977,1025.69123,261.3006388,791.5758455,297.1667647,938.0144013,302.1043031,1196.185779,294.0060761,1370.541169,240.1473276,1320.834138,313.9899185,1269.445252,341.1636698,1320.644853,572.7066426,859.6430583,269.3491991,67.80693054,10,250,940,1200,298,0.480735413,16777216,352334.8382,898491,15385.56944,31092.7625,719.4346235,193.1415409,713.9591747,191.4228395,95.75530466,3496.117873,4300,755.2916183,190.8552756,121.5193386,3960.822173,4300,106.7831789,3951.460825,4300,51.86775628,48.24365435,51.34462989,1263.766385,7.22244326,309,1011,31654,102,1241.751043,1208.605779,35.65941586,13970.11511,14376.27752,0.473574409,0.495827538,13970.11511,14376.27752,72.54807371,13970.11511,0.473574409,0.495827538,11.89492701,1.55,2.5147,70.82,1.75,0.123,9.5,3.2,13.65,0.46,0.036
13-Jan-22,85.93391773,91.2,56.13,56.1,20,311.22,296.6,31,10102,3922,30761,34683,12.6,98.84,28.467,91.47,5324,989,1214,1325,17.1,111.44,0.913,31180,100,59,105.3,14719.13481,-0.408014413,-0.028269024,1188.233255,0.355157434,1266.634057,1271.728446,1236.018302,1460.263389,1119.804873,1459.560496,1139.823937,1139.350007,1137.139815,792.8761298,793.0579829,848.7992323,487.9928977,13269.73864,224.5852273,179.8380682,221.0880682,239.3792614,246.3082386,199.2017045,258.8210227,210.7982955,1216.25142,1049.457386,32769,1491.495739,1581.630682,1543.038352,455.2585227,1392.590909,433.2954545,1403.674716,998.8025568,1199.382102,1199.360795,1196.705966,1210.771307,1214.93892,1231.721591,1224.079545,1268.515625,1273.798295,1237.022727,1325.830966,1300.776318,286.3419327,1013.791894,261.8435336,780.5710142,293.0008098,925.1819981,302.0838172,1180.104267,294.2816851,1350.922143,239.258305,1295.255615,312.8151575,1229.791406,342.0360848,1296.746769,571.2604531,834.3493454,268.9591203,67.80693054,10,250,940,1200,298,0.531313943,16777216,374401.5511,898491,10606.30256,30305.10795,694.9272593,189.5546285,686.3457935,187.8194049,93.97194585,3431.868319,4300,727.6077095,187.1314706,118.7353028,3875.971634,4300,105.119457,3899.654112,4300,51.71093962,48.13439337,51.40395458,1217.692847,5.315340089,311,989,31180,100,1241.751043,1208.605779,35.65941586,13970.11511,14376.27752,0.473574409,0.495827538,13970.11511,14376.27752,72.54807371,13970.11511,0.473574409,0.495827538,11.89492701,1.55,2.5153,70.82,1.75,0.123,9.5,3.2,13.65,0.46,0.036
14-Jan-22,85.50518135,92.6,56.08,56.1,14,309.14,308.8,31,10200,4152,29691,33843,13.43,96.04,28.661,92.71,5605,999,1217,1325,18.1,109.47,0.913,31392,102,53,105.3,14719.13481,-0.408014413,-0.028269024,1188.233255,0.355157434,1266.634057,1271.728446,1236.018302,1460.263389,1119.804873,1459.560496,1139.823937,1139.350007,1137.139815,792.8761298,793.0579829,848.7992323,487.9928977,13269.73864,224.5852273,179.8380682,221.0880682,239.3792614,246.3082386,199.2017045,258.8210227,210.7982955,1216.25142,1049.457386,32769,1491.495739,1581.630682,1543.038352,455.2585227,1392.590909,433.2954545,1403.674716,998.8025568,1199.382102,1199.360795,1196.705966,1210.771307,1214.93892,1231.721591,1224.079545,1268.515625,1273.798295,1237.022727,1325.830966,1300.776318,286.3419327,1013.791894,261.8435336,780.5710142,293.0008098,925.1819981,302.0838172,1180.104267,294.2816851,1350.922143,239.258305,1295.255615,312.8151575,1229.791406,342.0360848,1296.746769,571.2604531,834.3493454,268.9591203,67.80693054,10,250,940,1200,298,0.531313943,16777216,374401.5511,898491,10606.30256,30305.10795,694.9272593,189.5546285,686.3457935,187.8194049,93.97194585,3431.868319,4300,727.6077095,187.1314706,118.7353028,3875.971634,4300,105.119457,3899.654112,4300,51.71093962,48.13439337,51.40395458,1217.692847,5.315340089,309,999,31392,102,1241.751043,1208.605779,35.65941586,13970.11511,14376.27752,0.473574409,0.495827538,13970.11511,14376.27752,72.54807371,13970.11511,0.473574409,0.495827538,11.89492701,1.55,2.5152,70.82,1.75,0.123,9.5,3.2,13.65,0.46,0.036
15-Jan-22,87.93879705,91.2,56.41,56.3,12,310.12,284.3,31,10139,5484,30742,36226,17.68,99.13,28.292,91.23,5874,991,1214,1324,18.9,116.81,0.913,30988,100,53,105.3,14719.13481,-0.408014413,-0.028269024,1188.233255,0.355157434,1266.634057,1271.728446,1236.018302,1460.263389,1119.804873,1459.560496,1139.823937,1139.350007,1137.139815,792.8761298,793.0579829,848.7992323,487.9928977,13269.73864,224.5852273,179.8380682,221.0880682,239.3792614,246.3082386,199.2017045,258.8210227,210.7982955,1216.25142,1049.457386,32769,1491.495739,1581.630682,1543.038352,455.2585227,1392.590909,433.2954545,1403.674716,998.8025568,1199.382102,1199.360795,1196.705966,1210.771307,1214.93892,1231.721591,1224.079545,1268.515625,1273.798295,1237.022727,1325.830966,1300.776318,286.3419327,1013.791894,261.8435336,780.5710142,293.0008098,925.1819981,302.0838172,1180.104267,294.2816851,1350.922143,239.258305,1295.255615,312.8151575,1229.791406,342.0360848,1296.746769,571.2604531,834.3493454,268.9591203,67.80693054,10,250,940,1200,298,0.531313943,16777216,374401.5511,898491,10606.30256,30305.10795,694.9272593,189.5546285,686.3457935,187.8194049,93.97194585,3431.868319,4300,727.6077095,187.1314706,118.7353028,3875.971634,4300,105.119457,3899.654112,4300,51.71093962,48.13439337,51.40395458,1217.692847,5.315340089,310,991,30988,100,1241.751043,1208.605779,35.65941586,13970.11511,14376.27752,0.473574409,0.495827538,13970.11511,14376.27752,72.54807371,13970.11511,0.473574409,0.495827538,11.89492701,1.55,2.5151,70.82,1.75,0.123,9.5,3.2,13.65,0.46,0.036
16-Jan-22,86.22409326,88.2,56.7,56.6,9,309.25,308.8,32,10039,4930,26403,31333,15.94,85.38,28.447,91.99,5540,985,1216,1321,17.9,101.32,0.913,31158,101,53,105.3,14719.13481,-0.408014413,-0.028269024,1188.233255,0.355157434,1266.634057,1271.728446,1236.018302,1460.263389,1119.804873,1459.560496,1139.823937,1139.350007,1137.139815,792.8761298,793.0579829,848.7992323,487.9928977,13269.73864,224.5852273,179.8380682,221.0880682,239.3792614,246.3082386,199.2017045,258.8210227,210.7982955,1216.25142,1049.457386,32769,1491.495739,1581.630682,1543.038352,455.2585227,1392.590909,433.2954545,1403.674716,998.8025568,1199.382102,1199.360795,1196.705966,1210.771307,1214.93892,1231.721591,1224.079545,1268.515625,1273.798295,1237.022727,1325.830966,1300.776318,286.3419327,1013.791894,261.8435336,780.5710142,293.0008098,925.1819981,302.0838172,1180.104267,294.2816851,1350.922143,239.258305,1295.255615,312.8151575,1229.791406,342.0360848,1296.746769,571.2604531,834.3493454,268.9591203,67.80693054,10,250,940,1200,298,0.531313943,16777216,374401.5511,898491,10606.30256,30305.10795,694.9272593,189.5546285,686.3457935,187.8194049,93.97194585,3431.868319,4300,727.6077095,187.1314706,118.7353028,3875.971634,4300,105.119457,3899.654112,4300,51.71093962,48.13439337,51.40395458,1217.692847,5.315340089,309,985,31158,101,1241.751043,1208.605779,35.65941586,13970.11511,14376.27752,0.473574409,0.495827538,13970.11511,14376.27752,72.54807371,13970.11511,0.473574409,0.495827538,11.89492701,1.55,2.5152,70.82,1.75,0.123,9.5,3.2,13.65,0.46,0.036
17-Jan-22,84.80557356,91.7,56.28,56.2,7,309.9,308.6,31,10205,6196,30240,36436,19.99,97.58,28.455,91.82,5575,998,1218,1324,18,117.57,0.913,31166,101,46,105.3,14719.13481,-0.408014413,-0.028269024,1188.233255,0.355157434,1266.634057,1271.728446,1236.018302,1460.263389,1119.804873,1459.560496,1139.823937,1139.350007,1137.139815,792.8761298,793.0579829,848.7992323,487.9928977,13269.73864,224.5852273,179.8380682,221.0880682,239.3792614,246.3082386,199.2017045,258.8210227,210.7982955,1216.25142,1049.457386,32769,1491.495739,1581.630682,1543.038352,455.2585227,1392.590909,433.2954545,1403.674716,998.8025568,1199.382102,1199.360795,1196.705966,1210.771307,1214.93892,1231.721591,1224.079545,1268.515625,1273.798295,1237.022727,1325.830966,1300.776318,286.3419327,1013.791894,261.8435336,780.5710142,293.0008098,925.1819981,302.0838172,1180.104267,294.2816851,1350.922143,239.258305,1295.255615,312.8151575,1229.791406,342.0360848,1296.746769,571.2604531,834.3493454,268.9591203,67.80693054,10,250,940,1200,298,0.531313943,16777216,374401.5511,898491,10606.30256,30305.10795,694.9272593,189.5546285,686.3457935,187.8194049,93.97194585,3431.868319,4300,727.6077095,187.1314706,118.7353028,3875.971634,4300,105.119457,3899.654112,4300,51.71093962,48.13439337,51.40395458,1217.692847,5.315340089,310,998,31166,101,1241.751043,1208.605779,35.65941586,13970.11511,14376.27752,0.473574409,0.495827538,13970.11511,14376.27752,72.54807371,13970.11511,0.473574409,0.495827538,11.89492701,1.55,2.5159,70.72,1.79,0.132,9.77,3.31,13.36,0.42,0.037
18-Jan-22,89.92840872,90.6,56.13,56.1,21,307.57,307.3,31,10225,6613,30389,37002,21.5,98.8,28.21,91.72,5570,999,1217,1322,18.1,120.3,0.905,31171,101,70,105.3,14719.13481,-0.408014413,-0.028269024,1188.233255,0.355157434,1266.634057,1271.728446,1236.018302,1460.263389,1119.804873,1459.560496,1139.823937,1139.350007,1137.139815,792.8761298,793.0579829,848.7992323,487.9928977,13269.73864,224.5852273,179.8380682,221.0880682,239.3792614,246.3082386,199.2017045,258.8210227,210.7982955,1216.25142,1049.457386,32769,1491.495739,1581.630682,1543.038352,455.2585227,1392.590909,433.2954545,1403.674716,998.8025568,1199.382102,1199.360795,1196.705966,1210.771307,1214.93892,1231.721591,1224.079545,1268.515625,1273.798295,1237.022727,1325.830966,1300.776318,286.3419327,1013.791894,261.8435336,780.5710142,293.0008098,925.1819981,302.0838172,1180.104267,294.2816851,1350.922143,239.258305,1295.255615,312.8151575,1229.791406,342.0360848,1296.746769,571.2604531,834.3493454,268.9591203,67.80693054,10,250,940,1200,298,0.531313943,16777216,374401.5511,898491,10606.30256,30305.10795,694.9272593,189.5546285,686.3457935,187.8194049,93.97194585,3431.868319,4300,727.6077095,187.1314706,118.7353028,3875.971634,4300,105.119457,3899.654112,4300,51.71093962,48.13439337,51.40395458,1217.692847,5.315340089,308,999,31171,101,1241.751043,1208.605779,35.65941586,13970.11511,14376.27752,0.473574409,0.495827538,13970.11511,14376.27752,72.54807371,13970.11511,0.473574409,0.495827538,11.89492701,1.55,2.516,70.72,1.79,0.132,9.77,3.31,13.36,0.42,0.037
19-Jan-22,88.85076076,91.1,56.74,56.7,12,308.86,308.9,31,10265,6896,31590,38486,22.33,102.28,28.3,91.63,5702,1002,1217,1324,18.5,124.61,0.912,31031,100,79,105.3,14719.13481,-0.408014413,-0.028269024,1188.233255,0.355157434,1266.634057,1271.728446,1236.018302,1460.263389,1119.804873,1459.560496,1139.823937,1139.350007,1137.139815,792.8761298,793.0579829,848.7992323,487.9928977,13269.73864,224.5852273,179.8380682,221.0880682,239.3792614,246.3082386,199.2017045,258.8210227,210.7982955,1216.25142,1049.457386,32769,1491.495739,1581.630682,1543.038352,455.2585227,1392.590909,433.2954545,1403.674716,998.8025568,1199.382102,1199.360795,1196.705966,1210.771307,1214.93892,1231.721591,1224.079545,1268.515625,1273.798295,1237.022727,1325.830966,1300.776318,286.3419327,1013.791894,261.8435336,780.5710142,293.0008098,925.1819981,302.0838172,1180.104267,294.2816851,1350.922143,239.258305,1295.255615,312.8151575,1229.791406,342.0360848,1296.746769,571.2604531,834.3493454,268.9591203,67.80693054,10,250,940,1200,298,0.531313943,16777216,374401.5511,898491,10606.30256,30305.10795,694.9272593,189.5546285,686.3457935,187.8194049,93.97194585,3431.868319,4300,727.6077095,187.1314706,118.7353028,3875.971634,4300,105.119457,3899.654112,4300,51.71093962,48.13439337,51.40395458,1217.692847,5.315340089,309,1002,31031,100,1241.751043,1208.605779,35.65941586,13970.11511,14376.27752,0.473574409,0.495827538,13970.11511,14376.27752,72.54807371,13970.11511,0.473574409,0.495827538,11.89492701,1.55,2.5147,70.72,1.79,0.132,9.77,3.31,13.36,0.42,0.037
20-Jan-22,85.35180459,92.4,56.92,56.9,9,312.58,274.3,31,10157,7524,31454,38978,24.07,100.63,28.29,90.5,5687,991,1217,1324,18.2,124.7,0.912,31020,99,79,105.3,14719.13481,-0.408014413,-0.028269024,1188.233255,0.355157434,1266.634057,1271.728446,1236.018302,1460.263389,1119.804873,1459.560496,1139.823937,1139.350007,1137.139815,792.8761298,793.0579829,848.7992323,487.9928977,13269.73864,224.5852273,179.8380682,221.0880682,239.3792614,246.3082386,199.2017045,258.8210227,210.7982955,1216.25142,1049.457386,32769,1491.495739,1581.630682,1543.038352,455.2585227,1392.590909,433.2954545,1403.674716,998.8025568,1199.382102,1199.360795,1196.705966,1210.771307,1214.93892,1231.721591,1224.079545,1268.515625,1273.798295,1237.022727,1325.830966,1300.776318,286.3419327,1013.791894,261.8435336,780.5710142,293.0008098,925.1819981,302.0838172,1180.104267,294.2816851,1350.922143,239.258305,1295.255615,312.8151575,1229.791406,342.0360848,1296.746769,571.2604531,834.3493454,268.9591203,67.80693054,10,250,940,1200,298,0.531313943,16777216,374401.5511,898491,10606.30256,30305.10795,694.9272593,189.5546285,686.3457935,187.8194049,93.97194585,3431.868319,4300,727.6077095,187.1314706,118.7353028,3875.971634,4300,105.119457,3899.654112,4300,51.71093962,48.13439337,51.40395458,1217.692847,5.315340089,313,991,31020,99,1241.751043,1208.605779,35.65941586,13970.11511,14376.27752,0.473574409,0.495827538,13970.11511,14376.27752,72.54807371,13970.11511,0.473574409,0.495827538,11.89492701,1.55,2.5149,70.84,1.8,0.134,9.42,3.48,13.37,0.46,0.037
05-Feb-22,89.06098742,88.6,56.4,56.4,30,310.52,309.9,30,10441,8312,31154,39466,26.77,100.33,28.928,93.16,5660,1019,1223,1320,18.2,127.1,0.906,31929,103,49,105.3,14959.4743,-0.405478028,-0.022048442,1202.551289,0.359056713,1258.078868,1258.59375,1231.555379,1128.918665,1130.79649,1130.556872,1137.449865,1140.92161,1132.003092,792.8713354,793.0467404,817.14067,493.6277778,13486.13125,212.4756944,180.7569444,221.4215278,240.7930556,246.3215278,205.8958333,257.8118056,209.5854167,1221.398611,1045.283333,55537,1464.504167,1578.863194,1518.775694,434.69375,1395.326389,458.1194444,1394.658333,989.7208333,1197.440972,1197.115972,1195.71875,1210.660417,1213.775694,1233.556944,1220.010417,1260.029861,1260.645139,1232.488194,1318.495833,1331.585971,291.2550612,1039.246158,246.665461,802.613007,286.5714234,942.0315717,301.0281589,1227.789833,296.438561,1396.438962,248.9911246,1364.978382,318.2472483,1299.384725,294.7120959,1345.654498,583.5083858,879.0227929,271.1562039,67.80693054,10,250,940,1200,298,0.500260883,16777216,135321.709,934674,15616.70903,30867.4625,739.8627146,195.5122969,736.6108826,193.3980036,91.60696392,3556.262059,4300,778.0807313,192.7632139,127.2928244,4060.797646,4300,109.8732155,4011.684186,4300,51.66768829,47.75777444,50.77980433,1301.837954,3.938490625,311,1019,31929,103,1239.872917,1202.995736,39.58406944,14496.59235,14964.27784,0.478472222,0.486111111,14496.59235,14964.27784,74.47041667,14496.59235,0.478472222,0.486111111,12.43917779,2.88,2.5187,70.18,1.8,0.116,9.77,3.3,13.7,0.63,0.032
06-Feb-22,85.87557604,88.7,56.61,56.6,13,309.41,303.8,30,10251,6958,30966,37924,22.49,100.08,28.38,91.72,5585,1001,1222,1317,18.1,122.57,0.912,31118,101,39,105.3,14901.2641,-0.427339223,-0.035521042,1196.780805,0.35527133,1258.919627,1259.197388,1232.563782,1128.915422,1130.966472,1130.758122,1137.602703,1141.21074,1132.199216,792.8668898,793.0450976,820.8780591,492.7201389,13434.08889,210.6486111,179.7965278,219.6930556,240.7791667,245.4743056,203.6875,257.8368056,209.6458333,1222.785417,1046.019444,55537,1466.590972,1576.367361,1520.883333,435.3430556,1390.941667,456.0131944,1397.559722,990.6840278,1197.147222,1197.020139,1195.760417,1210.682639,1213.813889,1233.6,1220.764583,1260.816667,1261.300694,1233.566667,1319.384028,1321.647138,291.3838207,1032.910155,246.9036941,794.2648056,288.7707361,931.5546222,300.1138119,1217.141685,296.1566836,1387.579975,248.9916075,1354.338272,318.8421099,1277.487626,258.4312318,1333.473991,581.7327341,867.377181,271.7098285,67.80693054,10,250,940,1200,298,0.504877589,16777216,166293.9729,934674,15464.08542,31124.8875,731.0199642,194.9777679,728.4951641,193.1822434,91.07089128,3522.495899,4300,769.8043359,192.561294,126.8769771,4019.407484,4300,110.5189043,3975.868053,4300,52.00602423,48.16969211,51.22969486,1287.247598,4.285873595,309,1001,31118,101,1234.847222,1197.091389,36.3366875,14429.03354,14900.14233,0.484027778,0.479861111,14429.03354,14900.14233,74.43158333,14429.03354,0.484027778,0.479861111,12.44695473,2.88,2.5185,70.18,1.8,0.116,9.77,3.3,13.7,0.63,0.032
07-Feb-22,82.52532309,93.4,56.48,56.5,16,305.25,286.3,30,10490,7387,31069,38456,24.2,101.78,28.631,93.8,5588,1024,1227,1324,18.3,125.98,0.916,31257,102,73,105.3,14861.5037,-0.41588899,-0.058181953,1194.918838,0.358160233,1262.035014,1257.330678,1230.214488,1130.181353,1131.981272,1131.874188,1137.602835,1141.3309,1132.27768,792.8687215,793.0461903,814.3565842,491.2618056,13397.36458,210.6888889,179.2173611,219.3965278,240.5722222,245.225,203.3402778,257.2486111,208.6631944,1222.225694,1045.204167,55537,1489.01875,1581.392361,1538.492361,433.7506944,1396.298611,455.0298611,1404.658333,989.8527778,1197.330556,1197.093056,1195.765972,1210.625694,1213.692361,1233.574306,1219.777778,1263.799306,1259.302083,1231.093056,1318.822917,1329.505854,290.0542539,1039.070137,245.2300308,798.8659012,288.2467698,938.5621609,299.5857456,1224.204684,295.3573504,1395.867091,248.3193486,1362.688081,318.4184537,1283.99402,253.0979943,1343.867349,582.3447131,870.7678278,270.3132251,67.80693054,10,250,940,1200,298,0.507653171,16777216,197617.4875,934674,15801.625,30985.975,740.9833195,196.3766878,738.4182465,194.609761,91.97434417,3544.143041,4300,780.4627048,194.0163001,126.3526718,4042.552407,4300,112.0815489,4000.700873,4300,52.05495398,48.24276941,51.30246676,1304.878989,5.391609595,305,1024,31257,102,1231.288194,1194.885875,40.8794375,14408.66274,14861.43835,0.479166667,0.485416667,14408.66274,14861.43835,73.94566667,14408.66274,0.479166667,0.485416667,12.43753789,2.88,2.5172,70.2,1.82,0.102,9.48,3.24,13.61,1.05,0.034
08-Feb-22,84.51731025,93,56.57,56.6,12,310.25,300.4,30,10311,6793,31044,37837,21.9,100.06,28.672,92.42,5401,1007,1226,1320,17.4,121.96,0.911,31473,101,49,105.3,14870.92414,-0.406486276,-0.042558462,1196.845754,0.359745623,1262.045326,1260.130508,1232.975839,1130.150897,1131.889893,1131.779899,1137.972124,1141.620615,1131.967559,792.8727779,793.0466636,818.3167531,493.1763889,13405.68333,210.8999305,178.9993051,219.1397775,240.6397775,244.6905424,202.6995828,257.581363,208.9602787,1225.284519,1048.682706,55537,1476.222455,1573.711793,1527.435056,434.2381285,1392.678073,457.0433263,1399.404612,992.0076869,1197.256285,1197.065642,1195.715283,1210.609909,1213.697139,1233.510119,1220.711793,1263.814583,1262.03125,1233.903472,1321.236732,1323.775078,291.0199975,1033.266609,246.3732413,793.7879113,290.187344,932.5749742,299.074239,1217.40668,294.7149637,1387.198752,248.7117682,1355.117451,317.0073592,1273.79344,249.8624677,1335.600899,582.2102483,864.4197769,271.1293961,67.80693054,10,250,940,1200,298,0.509366718,16777216,228297.8333,934674,15429.89776,31058.02104,731.1335092,194.9171146,728.300185,193.1502435,90.66293638,3523.671259,4300,769.7552409,192.5715415,126.2369209,4015.954005,4300,111.277983,3976.867733,4300,51.97292208,48.18646951,51.23676143,1287.080983,6.552905166,310,1007,31473,101,1232.436806,1197.441056,34.28201389,14447.89361,14887.32217,0.478472222,0.486805556,14447.89361,14887.32217,73.90242361,14447.89361,0.478472222,0.486805556,12.43261378,2.88,2.5153,70.2,1.82,0.102,9.48,3.24,13.61,1.05,0.034
09-Feb-22,85.02432695,93.2,56.93,56.9,18,308.9,308.3,30,10447,7290,31157,38447,23.6,100.86,28.89,93.53,5393,1020,1225,1320,17.5,124.46,0.915,31574,102,234,105.3,14714.45141,-0.44237678,-0.021536529,1194.323129,0.353998378,1260.82692,1267.153406,1234.758745,1133.201167,1136.196997,1139.690895,1138.650045,1143.206635,1136.16593,792.874619,793.0501838,850.1317201,495.2009736,13265.98958,211.9846797,179.9860724,220.738676,240.6515679,245.7491289,204.6480836,257.3538032,209.2205164,1224.380587,1047.432659,55537,1469.661775,1578.073375,1525.563242,421.6757512,1394.356394,474.5087352,1403.313986,987.6365546,1197.511905,1197.212885,1195.733753,1210.651992,1213.773427,1233.606294,1221.005598,1262.726894,1269.026426,1235.718359,1319.388928,1334.795174,290.5810557,1043.45191,246.3256339,799.9003009,287.7560656,937.2822303,298.6016773,1224.036164,294.4502523,1396.11421,248.2774486,1364.671309,317.1988856,1283.36707,248.9891297,1346.241013,581.9277,871.0587468,270.3816313,67.80693054,10,250,940,1200,298,0.503310555,16777216,259588.2572,934674,15647.57314,31046.63713,737.2282845,195.1018224,734.3446942,193.3291303,90.89241,3552.116349,4300,775.7742633,192.7489529,126.1443383,4044.263682,4300,111.5335649,4004.790657,4300,51.63700536,47.89522784,50.90122461,1297.65397,7.328051815,309,1020,31574,102,1229.341667,1193.062771,36.39194444,14290.91135,14738.74489,0.465277778,0.5,14290.91135,14738.74489,73.51227778,14290.91135,0.465277778,0.5,12.35370447,2.88,2.5166,70.2,1.82,0.102,9.48,3.24,13.61,1.05,0.034
10-Feb-22,85.40229885,93.1,56.63,56.6,15,305.12,304.5,30,10332,7554,31266,38820,24.76,102.47,28.077,92.02,5438,1008,1224,1317,17.8,127.23,0.906,30990,102,125,105.3,14451.30822,-0.405111123,-0.02103299,1183.572651,0.359344557,1262.828368,1268.061776,1235.829166,1133.225478,1136.533128,1140.778971,1138.862966,1143.492412,1137.022096,792.8713304,793.0477779,865.2003199,494.1577484,13026.69215,211.6924148,179.9199722,220.9192763,240.7195546,245.9220056,204.8737796,257.281926,209.2213687,1224.536364,1048.160028,55537,1459.811888,1572.789363,1516.0007,425.2106368,1390.181945,472.4940518,1394.892081,987.3302945,1197.492978,1197.102672,1195.653576,1210.584853,1213.690042,1233.489481,1220.947368,1264.507992,1269.853064,1236.695682,1318.871308,1336.059841,291.1100957,1045.712359,251.6885123,801.1374992,288.302119,937.003968,299.2111255,1226.625856,294.4662375,1398.883027,249.0145073,1369.951881,319.3674423,1287.902469,238.1011532,1346.972651,582.0740733,873.8070549,271.0023424,67.80693054,10,250,940,1200,298,0.504651041,16777216,290594.9818,934674,15518.21529,31145.02596,737.8697453,195.0032205,735.4936104,193.1857455,90.01417243,3556.861309,4300,776.761362,192.5604399,127.1962843,4056.745593,4300,111.1892236,4010.497124,4300,51.53862968,47.73892963,50.74846072,1299.235684,7.213805257,305,1008,30990,102,1223.949306,1188.675194,35.40768056,14106.23875,14541.48765,0.468055556,0.496527778,14106.23875,14541.48765,72.80020833,14106.23875,0.468055556,0.496527778,12.2333567,2.88,2.5166,70.04,1.8,0.118,9.62,3.15,13.81,1.01,0.036
11-Feb-22,80.7187603,93,56.6,56.6,17,303.86,303.3,30,10515,7954,31385,39339,26.18,103.29,28.456,93.65,5439,1026,1221,1314,17.9,129.46,0.91,31270,103,65,105.3,14525.31868,-0.405269573,-0.027985952,1181.489503,0.357718942,1266.83651,1264.337746,1232.781936,1134.017189,1137.068864,1141.103424,1139.100571,1143.673103,1137.071083,792.8716163,793.0467317,864.7451288,493.0701389,13093.93958,212.3154969,180.6031967,221.4169562,241.1570535,246.1945796,205.1396803,257.8581363,208.9867688,1223.269499,1049.122563,55537,1466.059192,1579.350767,1520.3947,429.4205021,1393.367503,467.083682,1400.048117,986.6910739,1197.542897,1197.223629,1195.720898,1210.667135,1213.757725,1233.577653,1221,1268.627778,1266.273106,1233.779708,1316.28903,1333.225555,290.5029044,1042.37415,251.4957651,799.7145135,288.0286979,936.4793991,299.3682699,1228.785577,295.5823729,1399.20897,248.2228824,1371.081317,318.5042039,1287.990078,235.843283,1347.305183,583.8704274,874.5503901,270.4318533,67.80693054,10,250,940,1200,298,0.501671953,16777216,321858.4975,934674,15568.19198,31254.3488,741.7581677,196.144343,740.0382546,194.3758309,90.28114986,3555.209556,4300,781.5330905,193.771891,128.4618397,4058.313993,4300,111.9904305,4007.350387,4300,51.87212804,48.04792748,51.06010981,1306.871591,7.135898919,304,1026,31270,103,1214.753472,1177.276653,34.63943056,13997.22806,14455.00174,0.479166667,0.486111111,13997.22806,14455.00174,72.57229167,13997.22806,0.479166667,0.486111111,12.27833891,2.88,2.5188,70.04,1.8,0.118,9.62,3.15,13.81,1.01,0.036
12-Feb-22,77.79684283,88.9,56.66,56.7,15,303.44,291.4,30,10236,6672,30212,36884,21.99,99.56,27.822,91.69,5712,1000,1229,1321,18.8,121.55,0.91,30574,101,232,105.3,14384.13454,-0.405147026,-0.01974263,1166.952691,0.36131504,1276.20824,1270.546046,1236.773157,1133.442286,1136.605294,1140.541528,1139.514844,1144.315512,1137.059151,792.8719145,793.0487555,863.9626984,491.0722724,12967.02153,210.6490618,179.545961,219.8140669,241.4108635,244.4575209,204.0578397,257.58159,208.0794979,1224.781425,1049.122121,35153.9162,1474.241958,1580.777622,1529.092308,418.5902098,1397.886014,474.5083916,1397.165734,984.7944056,1197.505256,1197.341275,1195.675524,1210.692792,1213.818754,1233.57563,1221.032936,1278.184979,1272.430459,1237.776773,1320.337071,1320.609499,291.8273481,1032.119464,252.2821987,792.1020041,288.0942717,930.4558079,300.7531195,1220.80357,295.8729111,1389.195049,249.6379534,1356.551186,319.6906134,1265.269905,235.3974131,1329.95208,584.5342193,860.9748738,271.7415232,67.80693054,10,250,940,1200,298,0.493458603,16777216,353020.487,934674,15366.89344,31372.22599,717.839074,191.7150227,714.2184781,189.8426218,88.32529032,3511.453513,4300,755.6725398,189.1936591,124.9231941,4010.967559,4300,109.6800645,3975.461163,4300,51.21121829,47.3769984,50.47236181,1263.284828,7.155510557,303,1000,30574,101,1216.467361,1178.622882,37.61578472,14039.83453,14510.11501,0.460416667,0.504861111,14039.83453,14510.11501,72.59131944,14039.83453,0.460416667,0.504861111,12.31107527,2.88,2.518,69.9,1.77,0.113,9.78,3.14,13.84,0.96,0.036
13-Feb-22,84.63900135,93.1,56.64,56.6,16,296.99,296.4,30,10419,6348,29745,36093,21.37,100.15,27.792,93.58,5729,1018,1230,1322,19.3,121.53,0.91,30541,103,106,105.3,14288.08956,-0.405132338,-0.016568643,1163.172484,0.361971351,1276.31877,1272.080218,1239.273005,1132.536258,1135.759616,1139.845462,1139.089375,1143.882859,1137.075053,792.8729614,793.0478656,866.9375587,491.6615705,12880.12292,210.7195546,179.1670146,219.7654836,240.5935978,244.9756437,203.2878049,257.866899,208.9804878,1227.920447,1050.110879,52198.11732,1463.194134,1576.969972,1521.054469,419.3484637,1386.306778,474.5562544,1386.486373,989.9168414,1197.037245,1196.997892,1195.733193,1210.644709,1213.765449,1233.543219,1220.981729,1278.268056,1273.98125,1240.202224,1320.978215,1317.602567,292.9637348,1031.579653,253.393395,788.007859,291.7135761,919.3816575,300.4060187,1208.157103,295.4609296,1376.802698,249.6728894,1347.244868,320.3494975,1255.28517,235.9158896,1326.940076,586.4031761,855.4873893,272.4016628,67.80693054,10,250,940,1200,298,0.484445675,16777216,383291.4553,934674,15224.82171,30335.16913,711.7544439,191.0571311,708.3969183,189.3315788,87.64418184,3500.127425,4300,747.9254284,188.6250389,124.6643114,3979.715106,4300,109.7834649,3947.473536,4300,51.30550105,47.5903202,50.62604406,1251.973607,7.232690355,297,1018,30541,103,1198.095833,1159.841486,33.17738889,13805.33103,14273.14581,0.46875,0.497222222,13805.33103,14273.14581,71.59099306,13805.33103,0.46875,0.497222222,12.30611767,2.88,2.5182,69.9,1.77,0.113,9.78,3.14,13.84,0.96,0.036
14-Feb-22,83.4012016,91.8,56.62,56.6,14,302.8,299.6,30,10302,6739,30747,37486,22.26,101.54,27.889,92.1,5530,1006,1226,1320,18.3,123.8,0.906,30783,102,50,105.3,14066.3481,-0.40508246,-0.02331492,1148.774868,0.359287874,1274.642932,1267.788686,1234.674784,1133.144643,1136.214974,1139.794911,1139.108197,1141.303565,1137.055586,792.8130162,792.9887389,865.647438,484.4756944,12680.52222,211.4847222,179.3822099,220.4826147,240.8066759,245.2943633,203.5097493,258.2778552,208.8864111,1229.167247,1052.356098,55537,1473.534218,1580.677374,1526.897973,421.2047519,1385.138365,461.8651293,1392.499651,992.7109867,1197.290909,1197.068531,1195.784916,1210.648045,1213.800839,1233.606993,1220.863636,1276.46875,1269.670139,1235.653231,1322.167832,1323.486921,293.5824256,1038.37514,253.8653204,793.1277235,289.8650746,921.745727,301.0339307,1214.530337,296.1162822,1383.248546,250.3201413,1355.557975,322.2084048,1261.023645,244.8716808,1332.586515,586.0679204,860.1073744,271.5881974,67.80693054,10,250,940,1200,298,0.50389935,16777216,412873.7825,934674,15054.45206,29795.60224,719.9605287,192.2919587,716.6224282,190.5693862,88.25380843,3516.286089,4300,757.3152984,189.9849689,124.6359414,3999.925993,4300,111.0533549,3967.891728,4300,51.38122056,47.68526278,50.70734166,1266.612279,7.696005198,303,1006,30783,102,1182.804167,1144.684653,36.02713889,13574.02476,14034.76985,0.478472222,0.486111111,13574.02476,14034.76985,70.866125,13574.02476,0.478472222,0.486111111,12.2608177,2.88,2.519,69.9,1.77,0.113,9.78,3.14,13.84,0.96,0.036
15-Feb-22,85.62458026,93.1,56.39,56.4,19,298.36,297.8,30,10328,6978,31086,38064,23.39,104.19,27.43,91.94,5717,1007,1226,1320,19.2,127.58,0.91,30143,101,60,105.3,13690.62822,-0.405298748,-0.024684171,1147.822757,0.356656518,1272.687326,1271.471946,1235.686949,1133.446427,1136.974838,1141.58497,1138.129841,1138.228006,1137.05997,792.8365596,793.0117517,872.9198833,486.5041725,12340.22569,211.3331015,179.1376912,221.0820584,240.5465925,245.2581768,204.0494085,257.2887961,207.8891986,1225.475593,1050.965157,55537,1461.914923,1573.961592,1518.506983,416.572327,1387.110412,470.5087352,1386.044025,988.5573427,1197.346154,1197.13007,1195.754533,1210.630147,1213.747207,1233.575122,1220.918182,1274.609875,1273.368567,1236.628392,1319.868531,1334.793776,294.855655,1044.075313,253.2974038,798.4161927,292.8833968,928.8658552,301.2558573,1226.724237,297.104947,1393.998686,249.6101292,1366.199824,321.6493349,1273.943614,253.3737111,1341.207347,587.5684782,868.4528299,272.0411986,67.80693054,10,250,940,1200,298,0.495176144,16777216,444110.7304,934674,15625.25386,30641.00351,736.8720002,195.368841,733.6650546,193.5849838,90.53939086,3544.612311,4300,775.0828048,192.9676123,126.1165922,4034.158225,4300,112.2529228,3998.142917,4300,51.80363763,48.04895026,51.08637802,1296.587721,7.721846459,298,1007,30143,101,1193.611806,1154.762264,39.1716875,13424.67799,13904.39025,0.4625,0.501388889,13424.67799,13904.39025,70.36445139,13424.67799,0.4625,0.501388889,12.04091152,2.88,2.5174,69.9,1.77,0.113,9.78,3.14,13.84,0.96,0.036
16-Feb-22,87.14478569,93.6,56.58,56.6,12,297.7,296.3,30,10293,6862,31391,38253,23.05,105.45,27.231,91.47,5732,1004,1227,1320,19.3,128.5,0.91,29924,101,151,105.3,13292.41887,-0.410795914,-0.041226097,1139.361671,0.35914289,1272.021519,1271.45384,1235.567419,1133.396053,1136.840893,1141.673735,1137.616484,1137.814178,1137.041242,792.8332776,793.0098477,874.3340433,486.7282835,11982.75556,211.4468381,179.1118833,221.4075104,240.0723227,245.2896936,204.7038328,257.7923345,209.2894003,1226.127615,1050.947699,55537,1455.578911,1572.094274,1512.40852,418.9629888,1381.62919,470.4692737,1377.488128,991.1334731,1197.253679,1197.060266,1195.709294,1210.637063,1213.706088,1233.532913,1220.611773,1273.821404,1273.366736,1236.447075,1319.831114,1329.477051,295.3314429,1038.004224,253.6679093,794.8539624,294.1770161,927.0103898,302.0881665,1225.650453,297.2624178,1392.740461,250.6692471,1367.930767,318.0756966,1275.093929,244.3288657,1340.259529,588.7129721,871.3728595,272.6305131,67.80693054,10,250,940,1200,298,0.501564857,16777216,475166.4954,934674,15642.5207,31050.05267,739.4161326,196.4600885,737.3467242,194.6139313,90.62822098,3541.188411,4300,778.1315882,193.9960834,127.9668696,4035.943127,4300,112.5945637,3985.683076,4300,52.20333745,48.36885405,51.36959965,1302.037589,7.678732571,298,1004,29924,101,1180,1140.091861,30.17052083,12831.6041,13311.54938,0.472222222,0.493055556,12831.6041,13311.54938,68.06396528,12831.6041,0.472222222,0.493055556,11.67585686,2.88,2.5194,69.9,1.77,0.113,9.78,3.14,13.84,0.96,0.036
17-Feb-22,82.02159973,78.7,56.36,56.4,9,308.77,296.3,30,10369,7975,31726,39701,25.83,102.75,28.482,92.24,5757,1011,1226,1316,18.6,128.58,0.92,30959,100,159,105.3,14201.00089,-0.423901201,-0.028046784,1173.999119,0.360105921,1269.453448,1269.395798,1235.085359,1133.596189,1136.84122,1141.198545,1137.8423,1137.984452,1137.071581,792.8354903,793.0052245,870.74451,490.39375,12800.98194,211.9583044,179.7630299,222.0166782,240.5100764,245.4621265,205.7824878,258.364395,209.9039666,1227.380919,1050.322895,55537,1457.179666,1572.912134,1513.636681,422.2552301,1384.287308,471.6420098,1384.541201,994.2250175,1197.237861,1197.033779,1195.683287,1210.639494,1213.778481,1233.583685,1221,1271.211258,1271.318498,1236.009736,1320.144366,1336.961998,295.6005636,1045.904324,262.0033113,796.3027384,294.873637,928.5296892,301.8919295,1226.793334,296.5985297,1396.456864,250.7635501,1372.587387,318.768441,1282.726082,248.400982,1347.565802,589.660792,875.1578251,273.2485882,67.80693054,10,250,940,1200,298,0.499636499,16777216,506519.4519,934674,15616.86015,31358.84961,751.0462394,198.736677,749.7536496,196.9761878,90.39223158,3559.598742,4300,790.2850803,196.3406348,130.3317466,4051.649928,4300,114.6107095,3997.47567,4300,52.59490548,48.78586157,51.75861,1322.905583,8.0561266,309,1011,30959,100,1203.979167,1163.573465,32.53325,13384.78622,13875.30466,0.470138889,0.495138889,13384.78622,13875.30466,70.41582639,13384.78622,0.470138889,0.495138889,11.92473452,2.88,2.5201,69.82,1.7,0.104,10.11,3.04,13.7,1.03,0.035
18-Feb-22,84.42708333,93.5,56.44,56.4,11,307.76,307.2,30,10324,7546,31242,38788,24.52,101.51,28.337,92.07,5408,1007,1229,1322,17.6,126.03,0.913,31037,101,64,105.3,14270.14867,-0.405153931,-0.019679482,1195.244639,0.349301199,1272.434275,1275.875275,1237.076658,1133.223613,1136.870672,1141.43784,1137.939158,1138.018791,1136.952868,792.7708534,792.9424087,868.7797763,496.4294649,12860.80417,211.885337,179.5107714,222.5111266,240.569541,246.0611961,205.8004172,257.7318942,209.597493,1225.615599,1047.444986,55537,1464.195819,1575.641115,1519.098258,414.0027875,1397.417422,484.8160279,1398.365411,989.0292887,1197.568022,1197.166199,1195.540559,1210.453147,1213.613287,1233.426872,1220.957313,1274.052192,1277.527488,1237.874652,1317.629734,1337.491234,295.7232255,1045.449971,269.126923,797.2017791,295.9687933,929.5064039,301.4657741,1230.841117,297.3890552,1398.117479,250.810915,1371.901734,318.5785704,1277.574101,247.7733663,1343.026521,590.0188785,870.3505534,273.2437485,67.80693054,10,250,940,1200,298,0.476505439,16777216,538556.6181,934674,15978.74912,31690.55151,745.289574,197.2787615,743.0835483,195.5434529,89.24377302,3550.72787,4300,784.3086339,194.800506,129.2591286,4047.500535,4300,114.0451388,4002.864168,4300,52.23236061,48.39277709,51.4684972,1312.427059,8.167488471,308,1007,31037,101,1235.527778,1196.085972,35.6624375,13916.40294,14394.46429,0.459722222,0.505555556,13916.40294,14394.46429,72.33591667,13916.40294,0.459722222,0.505555556,12.03464017,2.88,2.5197,69.82,1.7,0.104,10.11,3.04,13.7,1.03,0.035
19-Feb-22,80.7424594,90.9,56.34,56.3,22,307.33,301.7,30,10358,7388,31242,38630,24.04,101.66,28.417,92.46,5543,1011,1231,1323,18,125.7,0.913,31125,101,51,105.3,14112.51359,-0.405052351,-0.056614991,1184.761916,0.360799853,1271.979768,1271.072892,1234.995577,1132.724311,1135.281196,1137.288554,1140.52649,1140.092454,1137.062499,792.8111928,792.9881819,851.0952607,492.3632568,12721.27033,211.9199164,179.6260446,222.1247387,241.0285914,245.8863319,205.1757322,259.0006978,210.5080251,1230.141859,1050.740741,55537,1457.415793,1573.059399,1516.628931,414.0824598,1389.257163,475.9147449,1396.621678,994.3566434,1197.448565,1197.181246,1195.595521,1210.584325,1213.706788,1233.505948,1220.913226,1273.580556,1272.823243,1235.892683,1322.292512,1335.370468,297.8826233,1045.524425,271.8283967,794.8177462,297.9106274,925.9609624,303.3366613,1225.712968,298.1777501,1394.197638,252.9156989,1369.70093,320.7525077,1272.490401,249.9663447,1340.526143,593.1079281,869.0226263,275.2965455,67.80693054,10,250,940,1200,298,0.501893219,16777216,569373.4143,934674,15497.70329,31293.14346,739.0377348,196.05576,736.9287073,194.3404966,88.00417843,3544.77096,4300,777.4852688,193.6320278,129.0372585,4036.011984,4300,113.856537,3991.788594,4300,52.02555524,48.2409115,51.2716475,1301.264621,7.789923315,307,1011,31125,101,1219.101389,1183.191153,30.016,13664.78683,14087.70765,0.464583333,0.499305556,13664.78683,14087.70765,70.93170833,13664.78683,0.464583333,0.499305556,11.90653566,2.88,2.52,69.82,1.7,0.104,10.11,3.04,13.7,1.03,0.035
20-Feb-22,86.6385464,93.6,56.22,56.2,13,308.82,308.2,32,10203,6194,29829,36023,20.06,96.59,28.383,91.91,5480,998,1229,1320,17.7,116.65,0.912,31122,101,24,105.3,14331.71567,-0.418825229,-0.022283526,1187.587536,0.361271755,1271.18977,1270.442657,1233.543028,1132.573191,1134.604427,1135.38147,1141.428471,1140.811156,1137.075942,792.852572,793.0322781,833.1403903,492.7209464,12918.53472,211.1777003,179.5195258,222.0864714,241.2252441,245.6764296,204.4191074,259.2810321,210.8312413,1230.47732,1050.073919,55266.7095,1463.261872,1575.310273,1520.101399,421.7979021,1388.208392,466.872028,1393.710987,997.0553609,1197.313422,1197.17428,1195.699369,1210.715989,1213.82386,1233.628772,1220.323034,1273.058414,1272.391516,1234.567549,1322.075193,1291.573472,296.597764,1010.440832,264.5813629,767.3598774,294.0395995,897.864583,302.5252898,1190.889372,297.7454271,1350.794362,251.9772896,1325.811022,323.7937855,1226.822454,248.8512444,1296.034053,588.707333,839.1254144,274.2646502,67.80693054,10,250,940,1200,298,0.502584136,16777216,599291.3302,934674,14143.1663,31417.3027,705.3609121,191.1643862,702.6331296,189.324564,86.05743095,3426.587845,4300,742.3857213,188.7615651,125.5755416,3904.212485,4300,110.9942377,3865.364524,4300,52.33946026,48.31270965,51.54423734,1241.675269,6.193483432,309,998,31122,101,1230.585417,1193.690069,32.49636806,13919.17073,14354.96044,0.48125,0.484027778,13919.17073,14354.96044,72.11772917,13919.17073,0.48125,0.484027778,12.02570149,2.88,2.52,69.82,1.7,0.104,10.11,3.04,13.7,1.03,0.035
