Date,P5_eff,Adj_eff,P5_sap_draw,P5_actual_draw,P5_seed,Total SAP Draw,Adjusted Draw,Total Cullet %,Melting cost-Rs/ton/Draw,Barrier Boosting (kWh),Capacitive Boosting (kWh),Boosting (kWh),Barrier Boosting Per ton (kWh/ton),Capacitive Boosting Per ton (kWh/ton),FO-Furnace Consumption (MT),FO-Furnace Consumption (kg per MT),LPG -WE/FHs Consumption(kg),Melting Energy -Kcal//Draw of glass,Bottom Front (oC),Throat Riser (oC),LPG WE & FH (Kg /Ton/ draw),Boosting per ton (kWh/ton draw),FO density (Specific Gravity),FO consumption (Liters),FO L/ton,Glass CE-kg,Glass Packing-kg,FURNACE COMBUSTION AIR FLOW,FURNACE GAS FLOW,FURNACE GLASS LEVEL,FURNACE OIL FLOW,FURNACE PRESSURE,WORKING END ZONE 1 TEMPERATURE,WORKING END ZONE 2 TEMPERATURE,WORKING END ZONE 3 TEMPERATURE,LINE P5 ZONE 1 LEFT BOTTOM TEMPERATURE,LINE P5 ZONE 1 LEFT MIDDLE TEMPERATURE,LINE P5 ZONE 1 LEFT TOP TEMPERATURE,LINE P5 ZONE 1 MIDDLE BOTTOM TEMPERATURE,LINE P5 ZONE 1 MIDDLE MIDDLE TEMPERATURE,LINE P5 ZONE 1 MIDDLE TOP TEMPERATURE,LINE P5 ZONE 1 RIGHT BOTTOM TEMPERATURE,LINE P5 ZONE 1 RIGHT MIDDLE TEMPERATURE,LINE P5 ZONE 1 RIGHT TOP TEMPERATURE,CIMANY CHANNEL TEMPERATURE,COMBUSTION AIR MELTING END TEMPERATURE,ELECTRODE HOLDER 1 TEMPERATURE,ELECTRODE HOLDER 2 TEMPERATURE,ELECTRODE HOLDER 3 TEMPERATURE,ELECTRODE HOLDER 4 TEMPERATURE,ELECTRODE HOLDER 5 TEMPERATURE,ELECTRODE HOLDER 6 TEMPERATURE,ELECTRODE HOLDER 7 TEMPERATURE,ELECTRODE HOLDER 8 TEMPERATURE,MELTING END BEHIND FRONT TEMPERATURE,MELTING END BOTTOM BEHIND RIGHT TEMPERATURE,MELTING END BOTTOM MIDDLE TEMPERATURE,MELTING END CROWN BEHIND TEMPERATURE,MELTING END CROWN INFRONT TEMPERATURE,MELTING END CROWN MIDDLE TEMPERATURE,REGENERATOR LEFT BOTTOM TEMPERATURE,REGENERATOR LEFT CROWN TEMPERATURE,REGENERATOR RIGHT BOTTOM TEMPERATURE,REGENERATOR RIGHT CROWN TEMPERATURE,THROAT ON SIDE TEMPERATURE,FOREHEART LINE P5 ZONE 1 BOTTOM TEMPERATURE,FOREHEART LINE P5 ZONE 1 MIDDLE TEMPERATURE,FOREHEART LINE P5 ZONE 1 TOP TEMPERATURE,FOREHEART LINE P5 ZONE 2 TEMPERATURE,FOREHEART LINE P5 ZONE 3 TEMPERATURE,FOREHEART LINE P5 ZONE 4 TEMPERATURE,FOREHEART LINE P5 ZONE 5 TEMPERATURE,PYROMETER FH LINE P2 ZONE 4 TEMPERATURE,PYROMETER WE ZONE 1 TEMPERATURE,PYROMETER WE ZONE 2 TEMPERATURE,PYROMETER WE ZONE 3 TEMPERATURE,THERMOCOUPLE WE ENTRANCE TEMPERATURE,CAPACITOR BOOSTING ELCTRODE 01 CURRENT,CAPACITOR BOOSTING ELCTRODE 01 TEMPERATURE,CAPACITOR BOOSTING ELCTRODE 02 CURRENT,CAPACITOR BOOSTING ELCTRODE 02 TEMPERATURE,CAPACITOR BOOSTING ELCTRODE 03 CURRENT,CAPACITOR BOOSTING ELCTRODE 03 TEMPERATURE,CAPACITOR BOOSTING ELCTRODE 04 CURRENT,CAPACITOR BOOSTING ELCTRODE 04 TEMPERATURE,CAPACITOR BOOSTING ELCTRODE 05 CURRENT,CAPACITOR BOOSTING ELCTRODE 05 TEMPERATURE,CAPACITOR BOOSTING ELCTRODE 06 CURRENT,CAPACITOR BOOSTING ELCTRODE 06 TEMPERATURE,CAPACITOR BOOSTING ELCTRODE 07 CURRENT,CAPACITOR BOOSTING ELCTRODE 07 TEMPERATURE,CAPACITOR BOOSTING ELCTRODE 08 CURRENT,CAPACITOR BOOSTING ELCTRODE 08 TEMPERATURE,CAPACITOR BOOSTING ELCTRODE 09 CURRENT,CAPACITOR BOOSTING ELCTRODE 09 TEMPERATURE,CAPACITOR BOOSTING ELCTRODE 10 CURRENT,CAPACITOR BOOSTING ELCTRODE 10 TEMPERATURE,CAPACITOR BOOSTING SERVO MOTOR,CAPACITOR BOOSTING TRANSFORMER BM POWER HYST,CAPACITOR BOOSTING TRANSFORMER BM POWER SP,CAPACITOR BOOSTING TRANSFORMER BM POWER SPH,CAPACITOR BOOSTING TRANSFORMER BM POWER SPPROD,CAPACITOR BOOSTING TRANSFORMER BM PRODUCTION,CAPACITOR BOOSTING TRANSFORMER KWH help,CAPACITOR BOOSTING TRANSFORMER KWH memo,CAPACITOR BOOSTING TRANSFORMER KWH presmonth,CAPACITOR BOOSTING TRANSFORMER KWH prvmonth,CAPACITOR BOOSTING TRANSFORMER KWH today,CAPACITOR BOOSTING TRANSFORMER KWH yesterday,CAPACITOR BOOSTING TRANSFORMER L1 L2 Po WORKING END r,CAPACITOR BOOSTING TRANSFORMER L1 L2 Volt,CAPACITOR BOOSTING TRANSFORMER L1 L3 Po WORKING END r,CAPACITOR BOOSTING TRANSFORMER L1 L3 Volt,CAPACITOR BOOSTING TRANSFORMER L1 PE Volt,CAPACITOR BOOSTING TRANSFORMER L1 Tota lCurrent,CAPACITOR BOOSTING TRANSFORMER L1 Total Current Limit,CAPACITOR BOOSTING TRANSFORMER L2 L3 Po WORKING END r,CAPACITOR BOOSTING TRANSFORMER L2 L3 Volt,CAPACITOR BOOSTING TRANSFORMER L2 PE Volt,CAPACITOR BOOSTING TRANSFORMER L2 Total Current,CAPACITOR BOOSTING TRANSFORMER L2 Total Current Limit,CAPACITOR BOOSTING TRANSFORMER L3 PE Volt,CAPACITOR BOOSTING TRANSFORMER L3 Total Current,CAPACITOR BOOSTING TRANSFORMER L3 Total Current Limit,CAPACITOR BOOSTING TRANSFORMER Resistor R,CAPACITOR BOOSTING TRANSFORMER Resistor S,CAPACITOR BOOSTING TRANSFORMER Resistor T,CAPACITOR BOOSTING TRANSFORMER Total Po WORKING END r,ELCTRODE PROT ACTIVE EARTH,LINE P0 COMBUSTION AIR PRESSURE,LINE P0 ZONE 02 TEMPERATURE,LINE P0 ZONE 03 TEMPERATURE,LINE P0 ZONE 04 TEMPERATURE,LINE P0 ZONE 05 TEMPERATURE,LINE P0 ZONE SPOUT TEMPERATURE,LINE P0 ZONE Y1R TEMPERATURE,Furnace Draw,SFC ( kcal per kg),FO ( Lts),FO (Lts/ Ton),SPV_oil,PVV_oil,QVV_oil,SPRV_oil,PVRV_oil,FLV_oil,FRV_oil,SPV_combustion,PVV_combustion,QVV_combustion,SPRV_combustion,FLV_combustion,FRV_combustion,Air to Fuel Ratio,P5_defect,Density (g/cm3),SiO2,Al2O3,Fe2O3,CaO,MgO,Na2O,K2O,TiO2
20-Dec-21,89.8,85.30259366,57.01,57,9,313.15,312.3,30,10242,6324,31475,37799,20.19,100.51,28.76,91.84,5244,1001,1214,1321,16.75,120.71,0.906,31744,101,47,105.3,14951.394,-0.405125038,-0.025314379,1200.813788,0.368437171,1267.287903,1266.508636,1238.278503,1336.516003,1104.101263,1459.591949,1131.999543,1132.657319,1131.855664,792.8750993,793.0486454,859.4698432,490.48125,13476.69167,225.4194444,180.4076389,221.0673611,240.4826389,245.2041667,202.9659722,256.76875,208.5277778,1212.603472,1045.347222,2707.5625,1470.875694,1580.4125,1524.690278,437.5756944,1387.330556,460.2993056,1397.889583,996.56875,1198.388194,1198.197917,1194.644444,1210.588194,1214.846528,1231.588889,1226.055556,299.0652778,1269.002778,1268.329167,1239.175694,1319.702778,1363.241868,274.5136475,1069.511157,248.8377691,825.5148078,291.2213035,976.2880146,298.9875137,1224.911986,287.6183928,1409.780895,230.2416066,1359.366564,307.2036594,1333.00299,319.3988679,1366.576247,559.1652224,898.4053518,261.0358853,67.80693054,10,250,940,1200,298,0.508695827,16777216,547743.425,774228,15683.60833,31050.8,747.3070214,193.4836034,741.2035846,191.7562696,98.06794936,3628.227082,4300,783.521951,191.1341148,120.5752326,4102.150053,4300,105.2841918,4096.220338,4300,50.09603866,46.62728257,49.61104187,1311.894111,6.585457254,73.98689232,1240.006439,1198.192282,1178.056809,1160.021374,1123.383719,1268.008419,310,994,31000,100,1241.751043,1208.605779,35.65941586,13970.11511,14376.27752,0.473574409,0.495827538,13970.11511,14376.27752,72.54807371,13970.11511,0.473574409,0.495827538,11.89492701,1.55,2.5224,70.28,1.7,0.147,9.98,3.19,13.48,0.72,0.041
21-Dec-21,93,83.83561644,56.72,56.7,6,306.91,306.6,30,10193,5468,30024,35492,17.82,97.83,28.212,91.92,5329,997,1218,1320,17.36,115.64,0.906,31139,101,48,105.3,14860.06744,-0.405090928,-0.026586375,1186.451605,0.358952895,1267.719218,1266.781006,1237.945557,1460.266862,1101.169965,1459.587107,1127.502369,1128.166028,1127.663828,792.8771015,793.0510964,852.3988902,493.9895833,13395.73403,224.8520833,180.3604167,220.9298611,240.9215278,245.5291667,202.3041667,257.3326389,208.9618056,1215.740972,1045.236111,2695.617361,1474.570139,1581.566667,1525.4375,426.0583333,1386.795139,471.7847222,1395.655556,996.8138889,1198.530556,1198.296528,1194.697222,1210.589583,1214.854167,1231.601389,1226.077083,299.0673611,1269.438194,1268.646528,1238.843056,1320.595139,1338.702419,274.2995265,1048.678626,248.2221743,809.2556436,290.4005119,958.7786135,298.7360148,1203.824265,287.9586245,1384.185312,230.4759816,1333.474795,308.940976,1302.777372,318.9457939,1340.339668,558.3092212,880.3124162,261.1289568,67.80693054,10,250,940,1200,298,0.509903385,16777216,578838.9444,774228,15349.30556,31429.82222,717.4061974,189.246672,710.7737248,187.498939,96.21190199,3559.355309,4300,751.5103018,186.8714796,117.8148152,4020.43386,4300,102.8269194,4020.53755,4300,49.93581891,46.48271774,49.4762526,1258.577218,6.381655084,73.96529105,1243.554717,1201.345065,1178.054373,1160.024878,1115.164638,1267.010249,310,994,31000,100,1241.751043,1208.605779,35.65941586,13970.11511,14376.27752,0.473574409,0.495827538,13970.11511,14376.27752,72.54807371,13970.11511,0.473574409,0.495827538,11.89492701,1.55,2.5222,70.28,1.7,0.147,9.98,3.19,13.48,0.72,0.041
22-Dec-21,93.1,85.49089611,56.74,56.7,9,310.52,280.1,30,10122,4640,30024,34664,14.94,96.69,28.46,91.65,5234,991,1220,1322,16.86,111.63,0.906,31413,101,42,105.3,15039.77308,-0.405081529,-0.033942099,1196.344071,0.356586642,1268.08726,1266.539256,1237.468313,1460.2677,1100.047277,1459.582335,1127.021195,1127.652022,1126.868063,792.8762821,793.049456,850.6345395,493.4402778,13556.01319,225.9166667,180.7791667,221.4298611,240.6416667,245.5361111,203.4041667,256.7944444,208.7993056,1216.938889,1045.043056,7196.057639,1477.036806,1583.7,1525.63125,417.5791667,1388.977778,479.5152778,1392.464583,995.9013889,1198.779861,1198.421528,1194.681944,1210.620833,1214.838889,1231.586111,1225.814583,299.0826389,1269.777083,1268.376389,1238.310417,1320.756944,1338.217753,274.0617752,1048.931407,248.2889658,810.1514269,290.9220669,960.3310655,299.0820307,1207.593478,288.7292638,1387.744746,230.284528,1338.124119,307.3878824,1309.821891,319.6657975,1343.536203,559.0622606,885.3141863,260.7137349,67.80693054,10,250,940,1200,298,0.507243768,16777216,608934.3125,774228,15267.5125,30177.16111,718.5366073,189.175588,712.6980579,187.4195119,95.13435589,3567.068951,4300,753.5582368,186.8600017,118.5289836,4035.690358,4300,103.1170913,4026.997727,4300,49.82482637,46.35573768,49.30739191,1261.52106,6.370482895,74.08942802,1244.983319,1203.023606,1179.68864,1160.844652,1113.326131,1267.065027,310,994,31000,100,1241.751043,1208.605779,35.65941586,13970.11511,14376.27752,0.473574409,0.495827538,13970.11511,14376.27752,72.54807371,13970.11511,0.473574409,0.495827538,11.89492701,1.55,2.5221,70.28,1.7,0.147,9.98,3.19,13.48,0.72,0.041
23-Dec-21,93.1,83.17460317,56.68,56.7,12,310.23,302.4,30,10256,6564,30884,37448,21.16,99.55,28.538,91.99,5231,1002,1219,1322,16.86,120.71,0.91,31360,101,45,105.3,15006.51017,-0.405018111,-0.030143031,1194.547041,0.359098528,1267.932943,1267.631683,1238.552551,1460.268875,1106.440091,1459.571946,1130.459626,1131.553822,1132.120444,792.8771418,793.0506747,864.4474456,492,13525.37986,226.0930556,180.5,221.2388889,240.1465278,245.3145833,203.6798611,256.7368056,208.4069444,1218.311111,1046.138194,15595.08611,1473.438889,1586.684028,1530.638194,429.5868056,1388.495833,504.4659722,1400.811806,997.1736111,1198.46875,1198.275,1194.630556,1210.527778,1214.790972,1231.517361,1225.978472,299.0645833,1269.500694,1269.332639,1239.372917,1321.363889,1347.249954,273.6173785,1056.475853,247.6355132,815.6784483,290.983313,964.9667255,298.4059168,1213.036506,287.2571865,1395.552822,230.2941731,1349.383924,307.2313941,1323.866304,320.3380527,1355.267007,558.8071531,895.0360064,260.4562146,67.80693054,10,250,940,1200,298,0.497942075,16777216,639223.6639,774228,15353.975,30202.88889,727.855982,190.3192516,723.129826,188.6231194,95.77276234,3597.552168,4300,763.4211054,188.0319731,119.1199854,4068.807072,4300,103.7880018,4050.177223,4300,49.77304634,46.32056075,49.20959097,1278.620387,6.639901633,73.83093002,1244.003918,1198.70276,1177.052195,1154.388375,1104.250581,1267.011075,310,994,31000,100,1241.751043,1208.605779,35.65941586,13970.11511,14376.27752,0.473574409,0.495827538,13970.11511,14376.27752,72.54807371,13970.11511,0.473574409,0.495827538,11.89492701,1.55,2.5218,70.35,1.72,0.154,9.97,3.12,13.51,0.68,0.042
24-Dec-21,93,87.86798447,56.61,56.6,17,308.79,283.3,30,10232,5467,29814,35281,17.7,96.55,28.558,92.48,5396,1001,1219,1323,17.47,114.26,0.92,31041,101,47,105.3,14954.21332,-0.405000846,-0.029752634,1189.078892,0.363187361,1268.455029,1266.453212,1236.634836,1460.267674,1110.761418,1459.581151,1132.403473,1133.51251,1134.316195,792.8758345,793.0490863,871.0430688,491.9867964,13480.02085,224.0528145,179.1966644,219.7783183,240.2939541,243.3578874,200.8436414,255.9270327,207.5795691,1217.124392,1046.18902,55537,1477.105629,1580.718555,1534.826963,438.3224461,1389.506602,458.8457262,1395.537874,994.0548992,1198.683113,1198.366227,1194.665045,1210.528839,1214.797081,1231.519805,1225.967338,299.0500347,1270.075747,1268.211953,1237.497568,1322.512856,1341.418699,273.1941507,1050.716001,246.8248126,810.920729,289.9472077,960.5520309,297.9994337,1208.488567,287.0936603,1388.935138,229.3720087,1338.234423,306.4517291,1301.661876,318.1984037,1342.806542,557.5298227,882.5259627,259.3692108,67.80693054,10,250,940,1200,298,0.49913664,16777216,669952.4051,774228,15270.64837,30814.28492,718.1267249,189.0054822,711.2407054,187.2373756,95.27087668,3566.745571,4300,751.7055631,186.4971814,118.0983616,4028.834654,4300,102.7903734,4030.672098,4300,49.75593137,46.28118148,49.30268211,1259.386577,6.490268615,74.13644632,1243.977877,1193.82251,1173.600029,1150.671188,1100.184202,1267.100854,310,994,31000,100,1241.751043,1208.605779,35.65941586,13970.11511,14376.27752,0.473574409,0.495827538,13970.11511,14376.27752,72.54807371,13970.11511,0.473574409,0.495827538,11.89492701,1.55,2.5205,70.35,1.72,0.154,9.97,3.12,13.51,0.68,0.042
25-Dec-21,91.3,90.06150858,56.89,56.9,16,309.52,308.9,30,10259,5452,30484,35936,17.61,98.49,28.648,92.56,5261,1004,1219,1323,17,116.1,0.92,31139,101,36,105.3,15068.12438,-0.404849659,-0.030410623,1197.313507,0.360672068,1267.735545,1265.234375,1235.29658,1460.267947,1110.539017,1459.595614,1131.736344,1132.838915,1133.846529,792.8784874,793.0495727,870.6561583,493.1701389,13581.24028,223.5298611,178.8097222,219.2097222,239.7944444,242.825,200.0430556,256.1631944,207.6375,1217.849306,1045.64375,55537,1475.759028,1575.122917,1533.359028,445.0145833,1386.052778,454.6819444,1390.740278,995.0958333,1198.643056,1198.340278,1194.631944,1210.531944,1214.795833,1231.515278,1225.8375,299.1131944,1269.495139,1267.046528,1236.161111,1321.569444,1331.643841,273.7244416,1040.621384,247.2458519,802.8818589,290.4248611,951.7714753,297.7732,1199.350564,286.6895739,1376.672213,229.4314233,1326.325394,306.3411493,1289.669336,318.315725,1334.581969,556.2830335,876.5661134,259.28916,67.80693054,10,250,940,1200,298,0.494431116,16777216,699596.9972,774228,15006.73472,29927.6875,715.4962243,189.255353,708.2200984,187.3731677,95.36988848,3542.789517,4300,746.287901,186.2769098,118.96007,3992.667341,4300,102.1921293,3994.6301,4300,50.20581596,46.57877567,49.71231921,1253.028503,6.348088272,73.93494122,1244.054586,1197.686167,1172.972482,1150.007801,1100.666463,1266.968763,310,994,31000,100,1241.751043,1208.605779,35.65941586,13970.11511,14376.27752,0.473574409,0.495827538,13970.11511,14376.27752,72.54807371,13970.11511,0.473574409,0.495827538,11.89492701,1.55,2.5209,70.35,1.72,0.154,9.97,3.12,13.51,0.68,0.042
26-Dec-21,92.5,91.83430045,57.1,57.1,9,310.75,310.2,30,10175,5238,30179,35417,16.86,97.12,28.566,91.93,5274,996,1219,1320,16.97,113.97,0.917,31152,100,36,105.3,14958.01187,-0.40508759,-0.068111386,1189.246072,0.360150343,1268.639882,1267.033285,1236.877289,1460.264943,1110.180451,1459.603964,1131.785221,1132.87131,1133.83921,792.8768375,793.0507043,870.1081523,493.5118056,13481.68472,223.9173611,179.2979167,219.7673611,240.4993056,243.1416667,200.2791667,256.4861111,208.0881944,1219.143056,1045.707639,55537,1473.866667,1577.047222,1534.804861,446.0152778,1382.582639,456.3888889,1388.070833,996.3409722,1198.744444,1198.480556,1194.575694,1210.502083,1214.717361,1231.519444,1225.977083,299.0423611,1270.197222,1268.802778,1237.652083,1322.279861,1337.577564,274.2939828,1046.936086,248.0150451,806.3798067,290.8644368,955.2457103,297.634551,1209.044654,287.0471627,1387.343669,230.8398408,1336.516605,307.4368308,1296.345726,319.0446538,1338.759484,554.9879382,878.3106702,260.0325546,67.80693054,10,250,940,1200,298,0.495456555,16777216,730105.0125,774228,15101.9375,30412.8125,716.0493946,189.0654415,709.5766839,187.2930167,95.22487465,3554.64571,4300,749.2890071,186.383777,119.1817614,4020.19716,4300,102.0246429,4017.604649,4300,49.93934859,46.37978305,49.45345806,1255.848389,6.572486664,74.03099309,1244.000043,1198.001579,1173.044404,1150.011951,1099.956724,1267.020059,310,994,31000,100,1241.751043,1208.605779,35.65941586,13970.11511,14376.27752,0.473574409,0.495827538,13970.11511,14376.27752,72.54807371,13970.11511,0.473574409,0.495827538,11.89492701,1.55,2.52,70.35,1.72,0.154,9.97,3.12,13.51,0.68,0.042
27-Dec-21,92.3,89.60115793,56.75,56.8,14,311.52,310.9,31,10092,5748,28412,34160,18.45,91.2,28.526,91.57,5261,988,1220,1323,16.89,109.66,0.917,31108,100,42,105.3,15180.61385,-0.404979845,-0.073074077,1200.314644,0.36010704,1265.773061,1263.674469,1233.920695,1460.267301,1110.358221,1459.586232,1132.214725,1133.196018,1133.8322,792.8785163,793.0513408,869.1484233,492.2451389,13682.69792,224.8513889,179.3291667,219.8854167,238.91875,243.0104167,200.7090278,255.625,207.65625,1215.847222,1042.484028,55537,1479.732639,1579.30625,1539.149306,441.4166667,1388.061111,459.6409722,1393.738194,994.05,1198.909028,1198.608333,1194.589583,1210.513889,1214.747917,1231.511111,1224.960417,299.0826389,1267.361111,1265.411806,1234.743056,1318.873611,1290.277377,272.4971054,1011.670523,246.7679402,779.7296974,288.9472415,921.5249624,296.6290498,1163.638922,285.7450808,1336.521026,228.5443194,1289.559627,305.2814013,1256.782489,317.137345,1296.385111,551.7011457,851.9896941,258.322245,67.80693054,10,250,940,1200,298,0.501390228,16777216,759754.2236,774228,14539.74236,30211.40625,685.7101582,181.9528834,679.9287065,180.2371718,90.78014068,3438.648159,4300,717.5895884,179.4817225,114.8961712,3882.857516,4300,98.98423046,3876.561694,4300,49.44475004,45.29646677,48.86571345,1202.893077,6.520172247,73.95051317,1244.018327,1198.273622,1173.022409,1150.02521,1099.57778,1267.072231,310,994,31000,100,1241.751043,1208.605779,35.65941586,13970.11511,14376.27752,0.473574409,0.495827538,13970.11511,14376.27752,72.54807371,13970.11511,0.473574409,0.495827538,11.89492701,1.55,2.5206,70.4,1.69,0.155,9.96,3.16,13.46,0.67,0.042
28-Dec-21,93.3,92.75618375,56.9,56.9,3,311.91,311.3,31,10198,6222,30812,37034,19.95,98.78,28.576,91.62,5271,997,1218,1322,16.9,118.73,0.917,31162,100,41,105.3,14990.08606,-0.405079926,-0.033260166,1191.997517,0.353122564,1266.637472,1264.587199,1235.112356,1460.266523,1111.131542,1459.595395,1132.65816,1133.770366,1134.760276,792.8772067,793.0480408,872.8623783,491.3131944,13512.18819,226.7013889,180.4854167,221.3111111,238.8555556,244.3409722,203.0756944,255.79375,207.9291667,1217.258333,1044.293056,55537,1485.95625,1584.468056,1541.778472,443.4229167,1391.069444,458.1263889,1403.195139,997.0402778,1198.572222,1198.475,1194.634028,1210.559722,1214.790278,1231.515972,1225.645139,299.0722222,1268.345833,1266.402778,1235.967361,1318.814583,1341.085148,272.7001331,1052.094185,247.7657222,811.1729988,289.6115481,958.602187,297.0457175,1208.7115,285.0407516,1389.544352,229.8256655,1344.698837,305.9375064,1319.645786,319.8693006,1353.129423,556.0472112,890.8544732,259.2194727,67.80693054,10,250,940,1200,298,0.508077162,16777216,788948.3681,774228,15114.4125,28598.51667,722.5581442,189.6142458,718.0219083,187.8336224,94.21682097,3585.070254,4300,757.3203796,187.1988814,120.2461421,4053.882144,4300,103.2903163,4030.578459,4300,49.79611177,46.3125753,49.18263778,1269.097741,6.886121963,74.00659348,1244.066521,1198.478952,1173.057663,1149.97986,1098.763713,1267.041354,310,994,31000,100,1241.751043,1208.605779,35.65941586,13970.11511,14376.27752,0.473574409,0.495827538,13970.11511,14376.27752,72.54807371,13970.11511,0.473574409,0.495827538,11.89492701,1.55,2.5204,70.4,1.69,0.155,9.96,3.16,13.46,0.67,0.042
29-Dec-21,93.6,87.78720627,57.06,57.1,10,307.04,306.4,31,10211,5505,30083,35588,17.93,97.98,28.272,92.08,5172,999,1221,1322,16.84,115.91,0.917,30831,100,224,105.3,14841.45881,-0.405089965,-0.032640321,1180.21568,0.346964339,1267.983144,1266.486918,1236.411235,1460.266223,1110.337695,1459.609602,1133.597862,1134.555181,1135.00047,792.8760327,793.0475152,870.8480212,491.9284722,13378.0125,224.93125,179.9333333,220.5902778,239.5631944,243.2791667,201.5340278,255.9805556,208.2104167,1219.280556,1044.835417,55537,1481.41875,1582.207639,1536.036806,448.8180556,1387.920139,453.9986111,1394.617361,995.8625,1199.227083,1199.072917,1194.742361,1210.600694,1214.876389,1231.56875,1225.992361,299.1041667,1269.713194,1268.336806,1237.30625,1321.230556,1341.562583,274.7863636,1051.548835,249.5440289,810.6268502,291.0956783,957.7337334,298.0138436,1208.593746,286.9861586,1389.630355,231.0329826,1336.415334,313.1630957,1301.427474,318.9665302,1346.077677,559.8483322,878.904641,260.3414382,67.80693054,10,250,940,1200,298,0.481329577,16777216,819418.3701,774228,15047.14514,30557,715.1388941,188.2920045,708.2532667,186.4986977,93.73066144,3566.533651,4300,748.1945174,185.7215471,118.4919473,4027.467141,4300,103.1990742,4028.506779,4300,49.5846649,46.11000929,49.12056076,1253.913751,6.984330782,74.00699879,1244.035659,1198.491283,1176.544364,1150.862117,1093.950642,1267.023298,310,994,31000,100,1241.751043,1208.605779,35.65941586,13970.11511,14376.27752,0.473574409,0.495827538,13970.11511,14376.27752,72.54807371,13970.11511,0.473574409,0.495827538,11.89492701,1.55,2.52,70.4,1.69,0.155,9.96,3.16,13.46,0.67,0.042
30-Dec-21,92.1,79.28341902,56.94,56.9,18,311.82,311.2,31,10315,7140,29764,36904,22.9,95.45,28.96,92.87,5261,1009,1219,1321,16.87,118.35,0.917,31581,101,293,105.3,15227.20577,-0.405090928,-0.036288737,1207.745928,0.344714353,1267.923025,1266.670329,1238.066661,1460.266381,1110.105122,1459.602352,1137.174436,1137.735795,1136.58155,792.875511,793.0471344,864.7195481,493.7847222,13726.5,225.6409722,180.0972222,220.9652778,239.2576389,243.7444444,202.2638889,256.0041667,208.2868056,1219.466667,1044.844444,31628.4875,1480.874306,1582.379167,1536.568056,441.8229167,1389.395139,457.0638889,1396.051389,997.0993056,1199.095139,1198.938889,1194.685417,1210.563194,1214.8,1231.531944,1226.020139,299.0680556,1269.610417,1268.497917,1238.949306,1320.652778,1314.875901,274.6296306,1030.958238,249.6954578,794.3962198,289.909094,940.3252001,297.3787169,1189.087416,286.6184427,1365.661974,230.4161844,1315.981467,313.0979961,1285.773531,318.5867538,1322.163548,558.4319565,868.2629218,260.0405106,67.80693054,10,250,940,1200,298,0.500521167,16777216,849460.2632,774228,14928.58194,30160.45625,704.0260857,185.773341,698.496592,183.9727047,92.41030108,3505.30237,4300,738.0056051,183.3510805,117.3974733,3967.416569,4300,101.6548999,3954.77109,4300,49.69676918,45.87523975,49.11007592,1235.971365,6.905221193,73.84103896,1245.062137,1201.915791,1179.095298,1153.954466,1097.223718,1267.083803,310,994,31000,100,1241.751043,1208.605779,35.65941586,13970.11511,14376.27752,0.473574409,0.495827538,13970.11511,14376.27752,72.54807371,13970.11511,0.473574409,0.495827538,11.89492701,1.55,2.5189,70.57,1.68,0.163,9.94,3.14,13.38,0.63,0.048
31-Dec-21,90.4,84.69866071,57.03,57,13,312.74,268.8,31,10317,7072,30999,38071,22.61,99.12,28.93,92.5,5490,1008,1219,1321,17.55,121.73,0.918,31514,101,43,105.3,15128.61831,-0.406910479,-0.028473732,1203.56636,0.352431822,1269.654795,1261.588389,1233.754781,1460.264483,1114.322649,1459.580741,1139.716908,1139.671559,1137.109213,792.8797546,793.0513053,852.5982542,497.59375,13640.94514,227.6909722,180.9604167,222.3180556,240.0479167,245.1604167,203.9569444,255.9020833,207.9298611,1214.769444,1042.638194,41592.40694,1475.513194,1582.770833,1530.290278,444.0798611,1391.038194,460.0847222,1390.3,994.1611111,1198.988889,1198.915278,1194.780556,1210.697917,1214.903472,1231.674306,1226.097222,299.0486111,1271.522222,1263.627778,1234.719444,1315.865972,1349.529801,274.4632529,1058.235677,250.2898325,815.4083854,290.3496362,964.6721498,297.0896029,1220.681424,286.0995373,1404.256689,231.2847213,1356.129842,312.4713032,1334.929594,320.3074304,1362.38748,559.7465817,901.0633634,259.6127506,67.80693054,10,250,940,1200,298,0.485619203,16777216,879764.1444,774228,15434.56944,29797.89375,737.1674818,192.1690777,733.8617605,190.4052373,95.54798433,3612.978642,4300,773.8145181,189.7903646,122.2523145,4095.316124,4300,104.7558355,4058.99482,4300,50.09770539,46.55126781,49.40487596,1296.20369,6.860773534,73.96190806,1246.852839,1205.146861,1180.935906,1155.144385,1098.805202,1267.890692,310,994,31000,100,1241.751043,1208.605779,35.65941586,13970.11511,14376.27752,0.473574409,0.495827538,13970.11511,14376.27752,72.54807371,13970.11511,0.473574409,0.495827538,11.89492701,1.55,2.5186,70.57,1.68,0.163,9.94,3.14,13.38,0.63,0.048
01-Jan-22,92.4,90.21668823,56.84,56.8,12,309.84,309.2,31,10173,6178,30372,36550,19.94,98.02,28.334,91.45,5209,994,1215,1316,16.81,117.96,0.914,31000,100,49,105.3,14851.82874,-0.407742514,-0.053378518,1181.810034,0.345044453,1259.779418,1264.269638,1235.742493,1460.264433,1115.947353,1459.57805,1139.963928,1139.83469,1137.09256,792.8776663,793.0507544,850.9261844,496.9298124,13391.87213,225.7581654,180.171647,220.9638638,240.5149409,244.304378,201.8540653,256.2529534,208.0979847,1217.823489,1046.835302,55537,1474.394719,1579.896456,1527.736623,442.7949965,1383.687978,460.1403753,1393.003475,995.8276581,1199.015288,1198.923558,1194.797081,1210.726894,1214.9041,1231.66574,1226.104934,299.0687978,1261.731063,1266.19041,1236.698402,1318.927728,1347.722505,275.6177149,1058.404032,251.71633,811.6952843,290.7941467,954.9966394,297.2772389,1205.430564,285.8804324,1389.340912,232.2216942,1339.1071,312.4099962,1310.97824,318.8986363,1351.164968,559.6312589,885.0502985,261.5065966,67.80693054,10,250,940,1200,298,0.506404582,16777216,107403.4885,885278.8812,15168.4114,30867.69006,717.3695507,188.4169655,711.8869314,186.7574897,93.59528239,3583.937368,4300,750.7221861,186.0476983,118.8741704,4039.428268,4300,103.5730349,4030.527326,4300,49.48978264,46.10983761,48.99715144,1258.746274,7.138656025,73.93585485,1247.426101,1207.27474,1181.461838,1155.429264,1098.046985,1267.58614,310,994,31000,100,1241.751043,1208.605779,35.65941586,13970.11511,14376.27752,0.473574409,0.495827538,13970.11511,14376.27752,72.54807371,13970.11511,0.473574409,0.495827538,11.89492701,1.55,2.5204,70.57,1.68,0.163,9.94,3.14,13.38,0.63,0.048
21-Jan-22,72.9,82.32853224,51.5,39.3,5,304.14,291.6,30,10227,4938,29340,34278,16.24,96.47,28.167,92.61,5622,1001,1221,1321,18.5,112.7,0.912,30885,102,305,105.3,14719.13481,-0.408014413,-0.028269024,1188.233255,0.355157434,1266.634057,1271.728446,1236.018302,1460.263389,1119.804873,1459.560496,1139.823937,1139.350007,1137.139815,792.8761298,793.0579829,848.7992323,487.9928977,13269.73864,224.5852273,179.8380682,221.0880682,239.3792614,246.3082386,199.2017045,258.8210227,210.7982955,1216.25142,1049.457386,32769,1491.495739,1581.630682,1543.038352,455.2585227,1392.590909,433.2954545,1403.674716,998.8025568,1199.382102,1199.360795,1196.705966,1210.771307,1214.93892,1231.721591,1224.079545,299.0482955,1268.515625,1273.798295,1237.022727,1325.830966,1300.776318,286.3419327,1013.791894,261.8435336,780.5710142,293.0008098,925.1819981,302.0838172,1180.104267,294.2816851,1350.922143,239.258305,1295.255615,312.8151575,1229.791406,342.0360848,1296.746769,571.2604531,834.3493454,268.9591203,67.80693054,10,250,940,1200,298,0.531313943,16777216,374401.5511,898491,10606.30256,30305.10795,694.9272593,189.5546285,686.3457935,187.8194049,93.97194585,3431.868319,4300,727.6077095,187.1314706,118.7353028,3875.971634,4300,105.119457,3899.654112,4300,51.71093962,48.13439337,51.40395458,1217.692847,5.315340089,74.39176061,1240.161478,1204.163426,1184.476293,1166.315424,1109.196295,1267.874917,304,1001,30885,102,1241.751043,1208.605779,35.65941586,13970.11511,14376.27752,0.473574409,0.495827538,13970.11511,14376.27752,72.54807371,13970.11511,0.473574409,0.495827538,11.89492701,1.55,2.5158,70.84,1.8,0.134,9.42,3.48,13.37,0.46,0.037
22-Jan-22,92.8,86.87887692,56.5,56.5,10,306.59,306.3,30,10397,6340,30728,37068,20.68,100.23,28.642,93.42,5590,1016,1220,1324,18.2,120.9,0.912,31406,102,93,105.3,14719.13481,-0.408014413,-0.028269024,1188.233255,0.355157434,1266.634057,1271.728446,1236.018302,1460.263389,1119.804873,1459.560496,1139.823937,1139.350007,1137.139815,792.8761298,793.0579829,848.7992323,487.9928977,13269.73864,224.5852273,179.8380682,221.0880682,239.3792614,246.3082386,199.2017045,258.8210227,210.7982955,1216.25142,1049.457386,32769,1491.495739,1581.630682,1543.038352,455.2585227,1392.590909,433.2954545,1403.674716,998.8025568,1199.382102,1199.360795,1196.705966,1210.771307,1214.93892,1231.721591,1224.079545,299.0482955,1268.515625,1273.798295,1237.022727,1325.830966,1300.776318,286.3419327,1013.791894,261.8435336,780.5710142,293.0008098,925.1819981,302.0838172,1180.104267,294.2816851,1350.922143,239.258305,1295.255615,312.8151575,1229.791406,342.0360848,1296.746769,571.2604531,834.3493454,268.9591203,67.80693054,10,250,940,1200,298,0.531313943,16777216,374401.5511,898491,10606.30256,30305.10795,694.9272593,189.5546285,686.3457935,187.8194049,93.97194585,3431.868319,4300,727.6077095,187.1314706,118.7353028,3875.971634,4300,105.119457,3899.654112,4300,51.71093962,48.13439337,51.40395458,1217.692847,5.315340089,74.39176061,1240.161478,1204.163426,1184.476293,1166.315424,1109.196295,1267.874917,307,1016,31406,102,1241.751043,1208.605779,35.65941586,13970.11511,14376.27752,0.473574409,0.495827538,13970.11511,14376.27752,72.54807371,13970.11511,0.473574409,0.495827538,11.89492701,1.55,2.5146,70.84,1.8,0.134,9.42,3.48,13.37,0.46,0.037
23-Jan-22,92.9,85.44228872,56.65,56.7,17,304.42,304.1,30,10298,5526,29987,35513,18.15,98.51,28.278,92.89,5598,1007,1223,1324,18.4,116.66,0.91,31075,102,78,105.3,14719.13481,-0.408014413,-0.028269024,1188.233255,0.355157434,1266.634057,1271.728446,1236.018302,1460.263389,1119.804873,1459.560496,1139.823937,1139.350007,1137.139815,792.8761298,793.0579829,848.7992323,487.9928977,13269.73864,224.5852273,179.8380682,221.0880682,239.3792614,246.3082386,199.2017045,258.8210227,210.7982955,1216.25142,1049.457386,32769,1491.495739,1581.630682,1543.038352,455.2585227,1392.590909,433.2954545,1403.674716,998.8025568,1199.382102,1199.360795,1196.705966,1210.771307,1214.93892,1231.721591,1224.079545,299.0482955,1268.515625,1273.798295,1237.022727,1325.830966,1300.776318,286.3419327,1013.791894,261.8435336,780.5710142,293.0008098,925.1819981,302.0838172,1180.104267,294.2816851,1350.922143,239.258305,1295.255615,312.8151575,1229.791406,342.0360848,1296.746769,571.2604531,834.3493454,268.9591203,67.80693054,10,250,940,1200,298,0.531313943,16777216,374401.5511,898491,10606.30256,30305.10795,694.9272593,189.5546285,686.3457935,187.8194049,93.97194585,3431.868319,4300,727.6077095,187.1314706,118.7353028,3875.971634,4300,105.119457,3899.654112,4300,51.71093962,48.13439337,51.40395458,1217.692847,5.315340089,74.39176061,1240.161478,1204.163426,1184.476293,1166.315424,1109.196295,1267.874917,304,1007,31075,102,1241.751043,1208.605779,35.65941586,13970.11511,14376.27752,0.473574409,0.495827538,13970.11511,14376.27752,72.54807371,13970.11511,0.473574409,0.495827538,11.89492701,1.55,2.5148,70.84,1.8,0.134,9.42,3.48,13.37,0.46,0.037
24-Jan-22,93.9,82.72007913,56.68,56.7,14,309.44,303.3,30,10348,6931,31253,38184,22.4,101,28.663,92.63,5725,1011,1219,1322,18.5,123.4,0.91,31498,102,229,105.3,14560.54619,-0.405097365,-0.02461148,1193.495431,0.349662741,1264.436421,1265.898786,1238.761179,1460.263251,1118.940269,1459.583882,1139.409499,1138.780595,1136.083379,792.8027119,792.9684825,842.3236909,492.4862155,13123.74937,209.9473684,180.7982456,223.4548872,240.9398496,249.1654135,204.4636591,258.0025063,209.9135338,1219.807018,1048.363409,55537,1458.865915,1572.854637,1517.941103,426.9097744,1385.964912,462.6578947,1386.152882,995.1077694,1196.914787,1196.823308,1195.64787,1210.630326,1213.650376,1233.507519,1226.026316,299.1152882,1266.137845,1267.745614,1239.669173,1321.299499,1346.021305,288.5734328,1050.421197,266.1092855,811.0111795,299.4469722,953.2178216,300.4573034,1227.194867,293.4127852,1407.068743,243.0590422,1368.726358,315.3182519,1306.276397,350.4416298,1353.804073,575.4760131,888.4530469,270.5435539,67.80693054,10,250,940,1200,298,0.505186234,16777216,720789.8058,898491,19131.80576,29987,747.3106254,195.8740597,744.7033983,194.1631855,94.56218679,3588.276975,4300,785.3018184,193.3194966,126.4059455,4082.076582,4300,107.8425231,4041.842171,4300,51.34211807,47.59276608,50.6269723,1314.972803,4.118169414,73.57601875,1250.778663,1205.127182,1178.824881,1154.787884,1088.184333,1267.297612,309,1011,31498,102,1241.751043,1208.605779,35.65941586,13970.11511,14376.27752,0.473574409,0.495827538,13970.11511,14376.27752,72.54807371,13970.11511,0.473574409,0.495827538,11.89492701,1.55,2.5193,70.36,1.86,0.122,9.81,3.09,13.66,0.6,0.033
25-Jan-22,95.1,83.50115296,56.29,56.3,3,275.66,260.2,30,10674,4159,22014,26173,15.09,79.86,27.37,99.29,5695,1051,1230,1327,20.7,94.95,0.91,30077,109,71,105.3,14056.86158,-0.415428961,-0.016428636,1149.159174,0.347100923,1267.948594,1258.014989,1229.527137,1306.658789,993.6838812,1310.589977,958.208495,965.9918753,958.3489123,792.8307545,793.0030811,808.7387176,485.1292564,12671.63447,207.4565671,180.1966644,220.5448228,240.2619875,248.5191105,201.9152189,258.7553857,210.323836,1226.966644,1053.224461,50363.17373,1480.762335,1583.694927,1533.050035,425.6101459,1391.174427,452.542738,1393.346769,993.9993051,1197.161918,1196.947186,1195.701876,1210.607366,1213.468381,1233.570535,1223.699097,299.066713,1269.715775,1259.968728,1230.466296,1325.661571,1021.988732,284.6232925,798.1361641,258.405482,617.3799311,298.1246636,722.1490304,299.9054129,927.569539,293.9512391,1061.233611,240.8865649,1029.426221,313.6152662,982.0115238,261.4880111,1020.912961,569.014701,666.1683955,269.4871518,67.80693054,10,250,940,1200,298,0.39088143,16777216,739413.0813,898491,9798.829743,31123.74566,526.2318722,141.2777972,521.8671542,139.8791115,68.66033512,2709.078531,4300,551.1576549,139.0788351,88.65217945,3072.676584,4300,79.36988465,3065.239886,4300,46.10588507,37.72469326,45.12083663,923.4553523,3.219275613,73.99691526,1252.01446,1202.338935,1169.14374,1147.99217,1077.668645,1267.839426,276,1051,30077,109,1241.751043,1208.605779,35.65941586,13970.11511,14376.27752,0.473574409,0.495827538,13970.11511,14376.27752,72.54807371,13970.11511,0.473574409,0.495827538,11.89492701,1.55,2.5191,70.36,1.86,0.122,9.81,3.09,13.66,0.6,0.033
26-Jan-22,91.8,86.43530997,56.7,56.7,18,304.55,296.8,30,10309,6238,28338,34576,20.48,93.05,28.436,93.37,5739,1009,1222,1322,18.8,113.53,0.915,31078,102,42,105.3,14348.31655,-0.405544779,-0.018247434,1180.162936,0.351285546,1264.62148,1259.500173,1233.668315,1129.069913,1132.502114,1137.454862,1142.60242,1146.234374,1140.491406,792.8522229,793.0338278,847.5293376,488.6715278,12934.74583,210.2388889,181.1180556,221.2722222,241.5902778,249.3958333,204.9673611,258.7756944,210.4069444,1225.770833,1054.2125,55537,1468.422917,1571.727083,1521.294444,430.1298611,1386.310417,450.3743056,1391.272917,998.2979167,1197.189583,1196.945139,1195.678472,1210.624306,1213.713194,1233.596528,1224.125694,299.04375,1266.345139,1261.46875,1234.602778,1324.5,1324.836838,290.1384097,1033.426971,256.3741812,796.8838417,303.9436228,932.3836978,300.0419542,1197.201726,294.2293602,1371.99235,245.5758076,1336.687003,315.2355857,1282.587452,252.5995854,1329.118443,576.5651519,868.0390768,271.7797536,67.80693054,10,250,940,1200,298,0.503742991,16777216,766742.5125,898491,14151.5,22996.175,707.0411775,188.2075137,703.5248043,186.4860148,90.60030876,3521.989939,4300,741.1630634,185.6415892,119.4037423,3991.263193,4300,106.1074944,3959.892623,4300,50.28687262,46.58533492,49.60105665,1242.457668,3.820800779,73.48590807,1251.081523,1200.816343,1166.565912,1144.141903,1070.23086,1267.404753,305,1009,31078,102,1241.751043,1208.605779,35.65941586,13970.11511,14376.27752,0.473574409,0.495827538,13970.11511,14376.27752,72.54807371,13970.11511,0.473574409,0.495827538,11.89492701,1.55,2.5191,70.36,1.86,0.122,9.81,3.09,13.66,0.6,0.033
27-Jan-22,93.1,87.60948304,56.52,56.5,19,309.9,303.7,30,10244,7364,30837,38201,23.76,99.51,28.376,91.57,5408,1000,1225,1323,17.5,123.27,0.91,31182,101,37,105.3,14637.64713,-0.405137808,-0.022276636,1195.129577,0.355463096,1263.830922,1259.039764,1236.31663,1138.439017,1141.652524,1147.187737,1142.04611,1144.075503,1138.00005,792.7660947,792.9409282,873.5317941,489.15625,13194.18125,210.5451389,180.5527778,219.9201389,240.4013889,247.9291667,204.61875,257.8680556,209.2472222,1221.632639,1048.651389,55537,1469.309028,1569.334722,1522.05,437.1013889,1384.959028,446.0833333,1389.125,995.0118056,1196.983333,1196.790278,1195.56875,1210.547917,1213.671528,1233.461111,1221.992361,299.0479167,1265.451389,1260.904861,1237.170139,1321.585417,1340.748377,289.7747954,1044.322273,252.2632143,807.5014501,303.8900885,946.64151,298.3914483,1219.22783,292.9067787,1397.405882,244.975401,1361.529871,314.6332496,1299.333284,254.3048311,1348.071388,576.982544,879.5496532,270.9514922,67.80693054,10,250,940,1200,298,0.505184987,16777216,796999.3215,898491,15381.05278,29027.25625,731.4560217,192.8336229,729.0616865,191.1800736,92.00226625,3568.369414,4300,768.5489246,190.3210358,123.4761768,4058.271844,4300,108.5473089,4017.691456,4300,50.83938171,47.13358367,50.13549069,1287.113588,3.688281644,74.06167631,1250.887636,1200.95727,1167.293858,1142.653336,1063.16485,1266.081834,310,1000,31182,101,1241.751043,1208.605779,35.65941586,13970.11511,14376.27752,0.473574409,0.495827538,13970.11511,14376.27752,72.54807371,13970.11511,0.473574409,0.495827538,11.89492701,1.55,2.5192,70.36,1.85,0.115,9.79,3.14,13.6,0.64,0.032
28-Jan-22,91.7,79.72624799,56.29,56.3,17,311.03,310.5,30,10391,7196,30373,37569,23.14,97.65,29.042,93.37,5530,1016,1224,1323,17.8,120.79,0.912,31844,102,50,105.3,14952.93399,-0.405289216,-0.024836519,1205.982278,0.353980761,1265.309448,1263.746694,1240.824432,1135.872047,1138.660523,1142.310617,1139.687468,1145.253548,1135.309335,792.7900614,792.9650206,843.6925012,493.2756944,13478.77847,210.3881944,180.2659722,220.05,240.8576389,247.3729167,203.8770833,258.2333333,209.4222222,1223.26875,1048.635417,55537,1469.370139,1569.56875,1522.6875,430.9180556,1390.161111,459.1708333,1391.429861,996.6583333,1196.954861,1196.750694,1195.626389,1210.551389,1213.68125,1233.500694,1220.9375,299.06875,1267.068056,1265.574306,1241.722917,1322.472222,1324.87582,289.7547782,1032.417454,248.2641302,799.6125934,304.2491305,937.6591439,298.6202772,1208.043578,292.7432957,1385.236627,245.3706072,1348.2659,314.757189,1280.878265,257.3656924,1334.958931,576.3823806,869.3021806,271.2473473,67.80693054,10,250,940,1200,298,0.509070235,16777216,827613.0792,898491,15261.51042,30733.3,723.9676101,191.111352,720.9855554,189.3973285,90.9547163,3529.143761,4300,760.6598299,188.5998745,122.7660119,4014.380789,4300,107.4986495,3977.740807,4300,50.82316661,46.88700833,50.09136701,1273.569297,3.938912597,74.02065202,1250.151169,1202.988565,1169.996591,1147.04336,1111.02616,1265.625409,311,1016,31844,102,1241.751043,1208.605779,35.65941586,13970.11511,14376.27752,0.473574409,0.495827538,13970.11511,14376.27752,72.54807371,13970.11511,0.473574409,0.495827538,11.89492701,1.55,2.5187,70.36,1.85,0.115,9.79,3.14,13.6,0.64,0.032
29-Jan-22,87.2,81.60064412,56.44,56.4,13,311.08,310.5,30,10339,7008,30808,37816,22.53,99.04,28.853,92.75,5264,1010,1223,1321,16.9,121.56,0.912,31637,102,59,105.3,15006.57106,-0.427394795,-0.028307521,1208.714708,0.353718226,1265.68217,1264.219564,1241.375529,1134.236694,1136.783388,1139.377159,1138.619996,1143.785998,1135.368094,792.8481837,793.0246735,830.1817318,494.5972222,13529.42292,211.1055556,180.3916667,220.4034722,241.4034722,247.9555556,204.0194444,258.6,210.0118056,1223.036111,1049.484722,55537,1469.151389,1570.0875,1522.954167,428.0923611,1390.769444,466.8902778,1389.750694,996.7291667,1196.863889,1196.679167,1195.699306,1210.677083,1213.823611,1233.617361,1221.017361,299.0548611,1267.540278,1266.170139,1242.328472,1322.530556,1330.133583,290.4096728,1039.671748,253.9542336,801.23859,304.5454784,936.4117134,298.598576,1207.818528,293.4172449,1386.931342,246.421926,1349.501273,315.8352699,1280.715102,254.5546356,1339.228881,578.113914,870.6416339,272.1322765,67.80693054,10,250,940,1200,298,0.488134795,16777216,858172.3597,898491,15398.49097,30422.3,724.5474646,190.9924286,721.0732389,189.2887248,91.13855109,3539.993247,4300,760.2814915,188.4683161,122.4982156,4017.141688,4300,107.5097896,3985.125707,4300,50.69795511,46.85390217,50.00188315,1273.729509,3.780703447,73.99114299,1250.096072,1203.01802,1170.203641,1148.950131,1120.2638,1266.01003,311,1010,31637,102,1241.751043,1208.605779,35.65941586,13970.11511,14376.27752,0.473574409,0.495827538,13970.11511,14376.27752,72.54807371,13970.11511,0.473574409,0.495827538,11.89492701,1.55,2.5191,70.36,1.85,0.115,9.79,3.14,13.6,0.64,0.032
30-Jan-22,90.7,86.14493713,56.64,56.6,21,302.53,302.2,30,10574,6322,29017,35339,20.9,95.91,28.959,95.72,5585,1035,1225,1326,18.5,116.81,0.919,31511,104,40,105.3,14931.71719,-0.40622321,-0.027269528,1209.123194,0.357156881,1265.101674,1264.924723,1241.664073,1134.113722,1136.548334,1139.020544,1138.639501,1143.347067,1135.39019,792.8738313,793.0510564,830.5538056,494.7395833,13461.34375,212.4694444,181.7083333,221.3965278,241.9326389,249.0680556,205.23125,259.0222222,210.7631944,1224.008333,1049.866667,55537,1466.253472,1563.070139,1519.577778,426.21875,1387.838889,469.3368056,1390.834722,996.1909722,1197.001389,1196.863194,1195.807639,1210.684028,1213.847917,1233.642361,1221.008333,299.0291667,1266.939583,1266.875694,1242.589583,1323.981944,1318.656364,290.0569068,1031.829106,256.0898925,794.3873793,304.8666616,929.9832811,298.9482074,1199.738374,293.3931319,1374.89873,248.1221057,1346.95819,317.0611541,1255.993199,260.1632423,1328.517231,576.3777977,860.216127,272.7485999,67.80693054,10,250,940,1200,298,0.496677343,16777216,888388.7063,898491,14853.05625,30761.78125,695.3551102,186.1718268,690.6579886,184.3602429,88.74406843,3507.390125,4300,728.9452556,183.5814037,119.3692618,3977.843278,4300,104.7344234,3955.940148,4300,49.89353551,46.28247224,49.26597038,1221.225649,4.043722271,74.10368708,1236.300385,1180.894651,1155.530618,1145.872482,1131.861048,1258.76171,303,1035,31511,104,1241.751043,1208.605779,35.65941586,13970.11511,14376.27752,0.473574409,0.495827538,13970.11511,14376.27752,72.54807371,13970.11511,0.473574409,0.495827538,11.89492701,1.55,2.5194,70.36,1.85,0.115,9.79,3.14,13.6,0.64,0.032
31-Jan-22,89.1,88.40093085,56.27,56.3,19,301.43,300.8,30,10539,6106,28848,34954,20.26,95.7,28.774,95.46,5573,1032,1210,1305,18.5,115.96,0.891,32294,107,47,105.3,14580.58294,-0.405288261,-0.032682772,1192.539711,0.357077728,1262.676442,1264.490153,1241.213582,1131.536977,1133.800682,1135.081117,1138.025168,1142.333489,1133.776998,792.8725536,793.0484926,823.0084592,493.3256944,13144.23472,210.7805556,180.4104167,219.8916667,240.4972222,247.4916667,203.4770833,258.4986111,210.3451389,1223.046528,1048.553472,55537,1454.261111,1569.58125,1513.846528,421.4652778,1383.177778,470.2319444,1386.63125,995.4277778,1196.884722,1196.822222,1195.763194,1210.656944,1213.8375,1233.622917,1221.038889,299.0395833,1264.55625,1266.474306,1242.136806,1319.652778,1288.131349,288.2465279,1007.993748,254.0752808,772.6687073,301.2707358,900.5927695,295.5063672,1164.402488,289.7711702,1340.14757,244.8095133,1307.146588,312.9480136,1225.980179,253.7461418,1299.321228,573.4343661,843.4200626,269.8719622,67.80693054,10,250,940,1200,298,0.494822464,16777216,916706.9632,898491,13943.86875,29206.05,676.8575824,185.5639469,673.619261,183.9245274,87.94536075,3430.881081,4300,709.3295893,183.2962963,120.0178913,3873.27715,4300,104.4175348,3845.666552,4300,50.98446968,47.47560532,50.34151651,1189.354484,3.889983997,73.85205729,1232.645738,1180.492246,1153.062795,1144.963699,1129.674846,1256.558414,301,1032,32294,107,1241.751043,1208.605779,35.65941586,13970.11511,14376.27752,0.473574409,0.495827538,13970.11511,14376.27752,72.54807371,13970.11511,0.473574409,0.495827538,11.89492701,1.55,2.5248,69.61,1.59,0.111,10.35,3.49,13.83,0.52,0.033
21-Feb-22,84.1,83.30210016,56.62,56.7,7,310.07,309.5,30,10310,7374,32044,39418,23.78,103.34,28.465,91.8,5476,1006,1228,1320,17.7,127.13,0.916,31075,100,52,105.3,14263.67326,-0.419129762,-0.017780881,1181.153526,0.362684565,1269.253673,1265.469887,1232.202251,1133.384329,1135.586863,1136.90656,1140.915383,1140.368443,1137.075615,792.8326028,793.0100934,840.854728,493.8905923,12859.06806,212.6182833,180.1423587,223.4322626,241.3282123,246.2746331,206.4141556,259.1697055,210.9529164,1228.510563,1050.334507,55537,1453.652572,1572.270804,1511.115656,429.5716302,1379.451658,460.9407198,1389.561131,996.1879859,1197.682176,1197.271296,1195.766262,1210.75554,1213.856938,1233.605583,1220.460272,299.0993056,1270.971409,1267.393431,1233.207428,1320.282951,1339.329334,299.3216256,1049.342941,264.9799499,795.4715648,303.0158216,926.6997248,304.2006163,1229.621512,298.6850389,1397.737283,253.3123284,1375.940443,318.9413102,1275.027473,249.499405,1346.337196,592.8696113,871.4455234,275.7342568,67.80693054,10,250,940,1200,298,0.492357709,16777216,630968.1472,934674,15800.98906,30006.32312,757.6222487,200.4526073,755.7187754,198.7091356,89.94249387,3557.129528,4300,797.3594177,198.0985957,131.804385,4048.658598,4300,116.7830689,4001.068379,4300,53.04170238,49.21845417,52.25139547,1334.198413,7.009962831,73.94504681,1241.954471,1198.848775,1172.111531,1152.737607,1113.187319,1265.017032,310,1006,31075,100,1216.009028,1178.646938,33.39075,13799.39324,14236.97249,0.483333333,0.480555556,13799.39324,14236.97249,71.92920139,13799.39324,0.483333333,0.480555556,12.07908156,2.37,2.5204,69.8,1.83,0.113,10.08,3.1,13.56,1.02,0.036
22-Feb-22,86.1,81.16420783,56.75,56.8,15,312.43,311.8,30,10131,7092,31070,38162,22.7,99.45,28.286,90.54,5321,989,1228,1319,17,122.15,0.906,31221,100,135,105.3,14205.85908,-0.406718221,-0.014936189,1183.344803,0.360684189,1270.149939,1259.455399,1231.765229,1134.85912,1137.853327,1141.703041,1138.802258,1138.816203,1137.342239,792.7978629,792.986827,863.1188488,494.2449548,12804.02986,212.198468,179.7708914,222.5612813,240.7831241,245.4267782,205.5585774,259.4117237,211.1774983,1228.386125,1050.074178,49358.02665,1453.303647,1570.034434,1509.255095,427.7385805,1376.116655,465.4258609,1387.757554,997.557354,1197.858268,1197.6199,1196.1398,1211.17,1213.843348,1233.797568,1221.30136,299.4659722,1272.09729,1261.83078,1233.493026,1319.987106,1317.043614,299.284162,1032.172028,267.4923262,779.5453571,306.9432269,905.805723,303.2427868,1202.8233,297.6776147,1368.939104,253.0162137,1349.109428,318.0115656,1252.267175,250.0928388,1325.128942,592.8734715,857.0946672,275.7936512,67.80693054,10,250,940,1200,298,0.515678753,16777216,662546.8377,934674,15610.60072,31797.53324,735.9118046,198.3588232,734.7498788,196.7184487,88.83740771,3499.222819,4300,773.6387859,196.0724636,130.7663059,3970.430224,4300,115.4366881,3920.391036,4300,53.47006083,49.69790488,52.6723934,1295.915513,6.54490701,73.93445276,1241.892995,1199.992647,1173.465028,1152.984949,1114.142083,1264.904495,312,989,31221,100,1218.075694,1182.223375,33.55498611,13793.89807,14217.09925,0.477083333,0.488194444,13793.89807,14217.09925,71.86348611,13793.89807,0.477083333,0.488194444,12.02573012,2.37,2.5208,69.8,1.83,0.113,10.08,3.1,13.56,1.02,0.036
23-Feb-22,81.9,78.91032149,56.53,56.5,19,311.57,295.5,30,10157,7195,31116,38311,23.09,99.87,28.262,90.71,5473,991,1232,1320,17.6,122.96,0.911,31023,100,1120,105.3,14136.49492,-0.408751566,-0.006621398,1185.151724,0.363148179,1275.729746,1263.058316,1239.303083,1133.255381,1135.975898,1138.734224,1139.779573,1139.625667,1137.383881,792.7785133,792.9563917,859.5932704,493.5760112,12741.14444,212.1726066,179.6432584,222.7741708,240.6926346,244.5269504,205.7544484,259.4340974,210.9705036,1228.685466,1049.243867,33032.97681,1458.105149,1557.748186,1510.530864,434.431686,1368.744541,458.5917031,1388.449307,998.3321168,1198.114048,1197.975057,1196.863363,1211.959398,1214.009789,1233.926792,1221.375849,299.6236111,1278.136078,1265.491228,1240.765162,1320.452003,1314.418454,300.0558185,1032.935376,270.1791844,774.4565946,275.5265162,903.3081513,303.3055183,1199.254808,297.4466387,1364.789364,253.2408254,1346.984885,315.5632672,1250.084503,250.4409725,1323.884165,593.7832881,854.7843417,276.254904,67.80693054,10,250,940,1200,298,0.502020228,16777216,692967.8458,934674,15153.53227,31187.19044,736.8366444,197.9277892,736.2252422,196.3455066,89.02733513,3491.460086,4300,774.5031522,195.647096,130.2521025,3960.141897,4300,114.9076661,3907.001569,4300,53.42475338,49.53607592,52.62701448,1297.926274,7.413884521,74.02633077,1235.416024,1184.657063,1159.308225,1148.789125,1110.892007,1263.794351,312,991,31023,100,1221.361111,1186.042646,33.00670833,13743.11038,14163.84684,0.479166667,0.4875,13743.11038,14163.84684,71.4511875,13743.11038,0.479166667,0.4875,11.94210587,2.37,2.5209,69.8,1.83,0.113,10.08,3.1,13.56,1.02,0.036
24-Feb-22,92.7,81.08010506,56.54,56.5,20,308.61,304.6,30,10274,7408,30940,38348,24,100.26,28.318,91.76,5734,1003,1226,1319,18.6,124.26,0.911,31085,101,139,105.3,13928.30653,-0.406817177,-0.017902694,1182.559648,0.363709333,1275.310392,1262.501025,1236.958157,1133.216503,1135.858433,1138.464232,1140.045087,1139.799617,1137.33871,792.7948864,792.9743352,853.0717393,491.5824022,12553.68472,210.9508772,179.6739591,222.4935989,240.685,244.4974946,205.4471603,259.5112075,211.2346126,1227.272,1048.052288,32769,1456.187454,1562.883857,1509.147661,423.8284457,1380.980924,468.3122704,1391.477524,998.9365782,1198.063359,1197.934301,1196.829416,1211.908953,1213.938497,1233.90625,1221.1875,299.6180556,1277.573828,1264.863062,1238.340199,1318.457121,1298.296086,299.4971474,1020.054994,267.8470226,762.5327089,264.0318284,896.5890858,289.3456096,1197.010032,292.314798,1356.483217,252.9888336,1340.00731,314.1636417,1238.618229,250.3324531,1312.548486,593.6002191,847.950914,275.8517557,67.80693054,10,250,940,1200,298,0.496941848,16777216,725443.549,934674,15780.45215,31111.55076,731.2449233,197.9391292,730.8937692,196.2913997,89.35617704,3459.579453,4300,769.6566903,195.5835787,130.1636743,3938.003805,4300,114.581378,3880.174815,4300,53.85463421,49.82916397,52.98541775,1288.618582,7.259680338,74.07618135,1241.889214,1197.761137,1175.981264,1157.487922,1117.156596,1267.579934,312,991,31023,100,1220.048611,1182.976917,30.32690972,13542.75823,13977.19202,0.468055556,0.495833333,13542.75823,13977.19202,70.71778472,13542.75823,0.468055556,0.495833333,11.81527029,2.37,2.5213,69.76,1.77,0.104,10.05,3.09,13.73,1,0.035
25-Feb-22,92,84.51415701,56.67,56.7,14,311.45,310.8,30,10201,6500,31157,37657,20.87,100.04,28.465,91.4,5767,996,1227,1317,18.5,120.91,0.914,31143,100,108,105.3,14214.70068,-0.406323217,-0.019322039,1192.508994,0.360991699,1270.029078,1261.719092,1235.578509,1133.271391,1135.660161,1137.286099,1140.999469,1140.527145,1137.351603,792.8028093,792.9828335,847.1500418,495.3944444,12813.60903,209.8458333,178.8138889,220.9714882,240.9881616,242.9839833,203.8767409,259.08223,210.6606272,1226.544251,1047.508711,32769,1455.421603,1566.227336,1511.212291,411.2248603,1385.483578,486.4129979,1384.920979,996.7230769,1198.330282,1198.057082,1196.903589,1211.921886,1213.961295,1233.914145,1221.254046,299.6118056,1272.211405,1264.080668,1236.960334,1318.318534,1317.447896,300.0211104,1034.293762,268.5727399,771.4091975,264.9960539,910.6055061,285.5165705,1217.371109,290.8935412,1377.416699,253.3219785,1357.484215,314.1711762,1244.037759,248.6081679,1324.937219,594.90421,851.6405204,275.5212077,67.80693054,10,250,940,1200,298,0.498495744,16777216,755957.7867,934674,15675.79872,30958.9596,741.7785277,199.7270459,740.1172192,198.0699473,89.70428208,3494.090567,4300,780.3636275,197.238582,131.4242783,3978.969924,4300,116.1534396,3933.686154,4300,53.77983184,49.85502981,53.01017761,1306.278258,7.141483585,73.88560268,1246.985358,1205.706381,1184.015234,1161.315241,1120.235545,1268.557681,312,991,31023,100,1227.81875,1190.376972,32.74786111,13691.64152,14128.98236,0.461805556,0.502083333,13691.64152,14128.98236,71.12290278,13691.64152,0.461805556,0.502083333,11.86933441,2.37,2.521,69.76,1.77,0.104,10.05,3.09,13.73,1,0.035
26-Feb-22,91,80.34083601,56.52,56.5,10,311.58,311,30,10206,6788,31575,38363,21.79,101.34,28.414,91.19,5861,996,1224,1314,18.8,123.12,0.914,31088,100,236,105.3,14289.28491,-0.405096398,-0.019501035,1192.775178,0.362953808,1266.868129,1258.89973,1231.738964,1134.053418,1136.369223,1137.538201,1142.133651,1141.633379,1138.335455,792.8416407,793.0165056,849.4005456,495.9895251,12880.20972,209.3515406,178.4528833,220.635402,240.3463173,242.5931721,203.7944325,258.5634409,210.199424,1225.868936,1046.415763,32769,1456.751639,1566.391399,1513.364234,406.2271731,1386.628383,486.6828194,1380.281618,995.0544919,1198.522076,1198.129357,1196.845146,1211.900463,1213.96139,1233.919629,1220.713292,299.6226546,1269.064426,1261.390967,1233.110403,1316.073701,1304.408317,298.3769356,1023.805934,264.3828962,764.9457611,265.1191971,900.5765168,284.9627436,1205.832855,290.2063745,1365.894309,252.4778837,1346.976781,312.920373,1237.358846,248.3716296,1315.676612,593.9545941,847.67293,274.5719774,67.80693054,10,250,940,1200,298,0.499401393,16777216,786302.9154,934674,15318.05196,31130.63389,737.6941829,199.3861026,737.2556538,197.7820558,90.07122222,3467.013428,4300,776.9521396,197.0879482,130.7784564,3948.991606,4300,115.7163129,3893.785144,4300,54.11295387,50.07774663,53.25463758,1300.246307,7.162470754,73.87316122,1249.141627,1207.47627,1183.311583,1160.042462,1119.513218,1269.333746,312,991,31023,100,1230.734028,1194.405,32.85539583,13864.71105,14290.49077,0.454861111,0.509722222,13864.71105,14290.49077,71.50647917,13864.71105,0.454861111,0.509722222,11.96452692,2.37,2.5214,69.76,1.77,0.104,10.05,3.09,13.73,1,0.035
27-Feb-22,93.6,82.27184466,56.52,56.5,22,309.58,309,32,10233,6154,27682,33836,19.88,89.42,28.812,93.07,5971,1003,1229,1320,19.3,109.3,0.912,31592,102,187,105.3,14616.05149,-0.406529771,-0.013777535,1214.692387,0.364041014,1268.136496,1258.080936,1236.488137,1132.694133,1134.601293,1133.480078,1146.413115,1145.513203,1140.636711,792.8133752,792.9804845,828.2749648,494.6104079,13175.26963,208.1281139,178.2172662,220.514556,240.2179017,241.7584934,202.64307,258.3989482,210.0272521,1223.1493,1044.758806,32769,1462.695411,1572.611952,1518.891479,413.6101695,1393.107056,477.2510221,1394.432322,992.8178808,1198.185383,1198.015165,1196.871304,1211.918777,1213.98241,1233.924028,1221.141333,299.6111111,1270.317764,1260.557071,1237.923581,1314.862377,1243.78492,297.8070802,974.2654697,263.7763655,726.4716241,264.1133638,857.0969539,284.888529,1149.87844,290.9365747,1300.595108,251.2610967,1279.035437,312.4174026,1171.103069,246.6137654,1252.676568,589.5921132,804.1085395,274.1714626,67.80693054,10,250,940,1200,298,0.511222856,16777216,816754.4656,934674,13769.41511,31530.42376,676.8423732,190.1139616,675.9507649,188.5426465,86.35501519,3299.183283,4300,711.3692561,187.6597882,123.859839,3749.283593,4300,110.4876849,3703.908276,4300,54.2607416,50.10427172,53.45381932,1191.925848,7.263047983,73.84141834,1249.914066,1207.503316,1183.095992,1160.003526,1117.708131,1270.08692,312,991,31023,100,1254.095833,1215.811132,34.03974306,14170.81557,14625.85963,0.467361111,0.496527778,14170.81557,14625.85963,72.88770139,14170.81557,0.467361111,0.496527778,12.02971353,2.37,2.5206,69.76,1.77,0.104,10.05,3.09,13.73,1,0.035
28-Feb-22,91.2,82.51134154,56.58,56.6,21,309.18,308.6,30,10381,6523,30399,36922,21.1,98.32,28.885,93.42,5926,1015,1229,1321,19.2,119.42,0.912,31672,102,151,105.3,14635.97617,-0.432224839,0.06513412,1185.285693,0.359235897,1268.109176,1259.347631,1233.791968,1130.831459,1132.679186,1131.244584,1147.322571,1146.453274,1141.307718,792.8386968,793.008398,823.8647706,490.4499295,13195.00764,209.8892086,179.389781,222.4039882,241.5980466,242.6087289,204.5327613,259.6438679,210.3578275,1225.005686,1048.891935,32769,1456.990083,1569.629723,1511.694585,421.9549703,1378.36698,460.6369099,1387.277347,996.5393939,1198.077277,1197.896488,1196.910314,1211.934959,1213.983636,1233.923006,1220.238313,299.6414177,1270.389758,1261.78392,1235.185996,1316.215084,1262.205647,299.988761,992.3292334,270.7431623,737.1810035,267.1601429,864.43003,291.3236916,1161.264383,292.4864055,1318.051115,253.3275919,1300.31346,313.6114607,1195.636009,248.9444093,1273.961733,594.962858,825.8824588,276.5864193,67.80693054,10,250,940,1200,298,0.489373864,16777216,846319.389,934674,15315.56232,28113.74248,708.0158671,192.9277939,709.4753672,191.77228,88.8975037,3361.199974,4300,744.2287116,190.656757,125.0207542,3814.28063,4300,111.5768712,3755.589168,4300,53.81087832,49.34920765,53.04841517,1248.108966,6.430384472,73.91020313,1249.921666,1206.878873,1183.427687,1160.045806,1117.054768,1269.88313,312,991,31023,100,1242.53679,1188.46541,36.43559916,14143.71598,14474.27583,0.478626489,0.488437281,14143.59805,14473.6059,72.50776923,14143.59805,0.47972028,0.487412587,12.17839895,2.37,2.5203,70.1,1.74,0.101,10.02,2.96,13.56,1.02,0.036
,,,,,,,,,,,,,,,,,,,,,,,,,,,,,,,,,,,,,,,,,,,,,,,,,,,,,,,,,,,,,,,,,,,,,,,,,,,,,,,,,,,,,,,,,,,,,,,,,,,,,,,,,,,,,,,,,,,,,,,,,,,,,,,,,,,,,,,,,,,,,,,,,,,,,,,,,,,,,,,,,,,,
