Date,P1_sap_draw,P1_actual_draw,P1_pack,P1_eff,P1_seed,Total Cullet %,Melting cost-Rs/ton/Draw,Barrier Boosting (kWh),Capacitive Boosting (kWh),Boosting (kWh),Barrier Boosting Per ton (kWh/ton),Capacitive Boosting Per ton (kWh/ton),FO-Furnace Consumption (MT),FO-Furnace Consumption (kg per MT),LPG -WE/FHs Consumption(kg),Melting Energy -Kcal//Draw of glass,Bottom Front (oC),Throat Riser (oC),LPG WE & FH (Kg /Ton/ draw),Boosting per ton (kWh/ton draw),FO density (Specific Gravity),FO consumption (Liters),FO L/ton,Defect Insp Machine%,Defect Light Inspection%,Defect Hot End Reject%,Glass CE-kg,Glass Packing-kg,FURNACE COMBUSTION AIR FLOW,FURNACE GAS FLOW,FURNACE GLASS LEVEL,FURNACE OIL FLOW,FURNACE PRESSURE,WORKING END ZONE 1 TEMPERATURE,WORKING END ZONE 2 TEMPERATURE,WORKING END ZONE 3 TEMPERATURE,LINE P1 ZONE 1 TEMPERATURE,LINE P1 ZONE 2 TEMPERATURE,LINE P1 ZONE 3 TEMPERATURE,LINE P1 ZONE 4 TEMPERATURE,LINE P1 ZONE 5 LEFT BOTTOM TEMPERATURE,LINE P1 ZONE 5 LEFT MIDDLE TEMPERATURE,LINE P1 ZONE 5 LEFT TOP TEMPERATURE,LINE P1 ZONE 5 MIDDLE BOTTOM TEMPERATURE,LINE P1 ZONE 5 MIDDLE MIDDLE TEMPERATURE,LINE P1 ZONE 5 MIDDLE TOP TEMPERATURE,LINE P1 ZONE 5 RIGHT BOTTOM TEMPERATURE,LINE P1 ZONE 5 RIGHT MIDDLE TEMPERATURE,LINE P1 ZONE 5 RIGHT TOP TEMPERATURE,LINE P1 ZONE ENTRY TEMPERATURE,CIMANY CHANNEL TEMPERATURE,COMBUSTION AIR MELTING END TEMPERATURE,ELECTRODE HOLDER 1 TEMPERATURE,ELECTRODE HOLDER 2 TEMPERATURE,ELECTRODE HOLDER 3 TEMPERATURE,ELECTRODE HOLDER 4 TEMPERATURE,ELECTRODE HOLDER 5 TEMPERATURE,ELECTRODE HOLDER 6 TEMPERATURE,ELECTRODE HOLDER 7 TEMPERATURE,ELECTRODE HOLDER 8 TEMPERATURE,MELTING END BEHIND FRONT TEMPERATURE,MELTING END BOTTOM BEHIND RIGHT TEMPERATURE,MELTING END BOTTOM MIDDLE TEMPERATURE,MELTING END CROWN BEHIND TEMPERATURE,MELTING END CROWN INFRONT TEMPERATURE,MELTING END CROWN MIDDLE TEMPERATURE,REGENERATOR LEFT BOTTOM TEMPERATURE,REGENERATOR LEFT CROWN TEMPERATURE,REGENERATOR RIGHT BOTTOM TEMPERATURE,REGENERATOR RIGHT CROWN TEMPERATURE,THROAT ON SIDE TEMPERATURE,PYROMETER WE ZONE 1 TEMPERATURE,PYROMETER WE ZONE 2 TEMPERATURE,PYROMETER WE ZONE 3 TEMPERATURE,THERMOCOUPLE WE ENTRANCE TEMPERATURE,CAPACITOR BOOSTING ELCTRODE 01 CURRENT,CAPACITOR BOOSTING ELCTRODE 01 TEMPERATURE,CAPACITOR BOOSTING ELCTRODE 02 CURRENT,CAPACITOR BOOSTING ELCTRODE 02 TEMPERATURE,CAPACITOR BOOSTING ELCTRODE 03 CURRENT,CAPACITOR BOOSTING ELCTRODE 03 TEMPERATURE,CAPACITOR BOOSTING ELCTRODE 04 CURRENT,CAPACITOR BOOSTING ELCTRODE 04 TEMPERATURE,CAPACITOR BOOSTING ELCTRODE 05 CURRENT,CAPACITOR BOOSTING ELCTRODE 05 TEMPERATURE,CAPACITOR BOOSTING ELCTRODE 06 CURRENT,CAPACITOR BOOSTING ELCTRODE 06 TEMPERATURE,CAPACITOR BOOSTING ELCTRODE 07 CURRENT,CAPACITOR BOOSTING ELCTRODE 07 TEMPERATURE,CAPACITOR BOOSTING ELCTRODE 08 CURRENT,CAPACITOR BOOSTING ELCTRODE 08 TEMPERATURE,CAPACITOR BOOSTING ELCTRODE 09 CURRENT,CAPACITOR BOOSTING ELCTRODE 09 TEMPERATURE,CAPACITOR BOOSTING ELCTRODE 10 CURRENT,CAPACITOR BOOSTING ELCTRODE 10 TEMPERATURE,CAPACITOR BOOSTING SERVO MOTOR,CAPACITOR BOOSTING TRANSFORMER BM POWER HYST,CAPACITOR BOOSTING TRANSFORMER BM POWER SP,CAPACITOR BOOSTING TRANSFORMER BM POWER SPH,CAPACITOR BOOSTING TRANSFORMER BM POWER SPPROD,CAPACITOR BOOSTING TRANSFORMER BM PRODUCTION,CAPACITOR BOOSTING TRANSFORMER KWH help,CAPACITOR BOOSTING TRANSFORMER KWH memo,CAPACITOR BOOSTING TRANSFORMER KWH presmonth,CAPACITOR BOOSTING TRANSFORMER KWH prvmonth,CAPACITOR BOOSTING TRANSFORMER KWH today,CAPACITOR BOOSTING TRANSFORMER KWH yesterday,CAPACITOR BOOSTING TRANSFORMER L1 L2 Po WORKING END r,CAPACITOR BOOSTING TRANSFORMER L1 L2 Volt,CAPACITOR BOOSTING TRANSFORMER L1 L3 Po WORKING END r,CAPACITOR BOOSTING TRANSFORMER L1 L3 Volt,CAPACITOR BOOSTING TRANSFORMER L1 PE Volt,CAPACITOR BOOSTING TRANSFORMER L1 Tota lCurrent,CAPACITOR BOOSTING TRANSFORMER L1 Total Current Limit,CAPACITOR BOOSTING TRANSFORMER L2 L3 Po WORKING END r,CAPACITOR BOOSTING TRANSFORMER L2 L3 Volt,CAPACITOR BOOSTING TRANSFORMER L2 PE Volt,CAPACITOR BOOSTING TRANSFORMER L2 Total Current,CAPACITOR BOOSTING TRANSFORMER L2 Total Current Limit,CAPACITOR BOOSTING TRANSFORMER L3 PE Volt,CAPACITOR BOOSTING TRANSFORMER L3 Total Current,CAPACITOR BOOSTING TRANSFORMER L3 Total Current Limit,CAPACITOR BOOSTING TRANSFORMER Resistor R,CAPACITOR BOOSTING TRANSFORMER Resistor S,CAPACITOR BOOSTING TRANSFORMER Resistor T,CAPACITOR BOOSTING TRANSFORMER Total Po WORKING END r,ELCTRODE PROT ACTIVE EARTH,Furnace Draw,SFC ( kcal per kg),FO ( Lts),FO (Lts/ Ton),SPV_oil,PVV_oil,QVV_oil,SPRV_oil,PVRV_oil,FLV_oil,FRV_oil,SPV_combustion,PVV_combustion,QVV_combustion,SPRV_combustion,FLV_combustion,FRV_combustion,Air to Fuel Ratio,P1_defect,Density (g/cm3),SiO2,Al2O3,Fe2O3,CaO,MgO,Na2O,K2O,TiO2,Name,FGCode,Draw,Pack to Melt Ratio,Defect Type,Defect Count,Sample Size
14-12-2021,51.55,51.6,41.76,81,13,30,10395,4780,30612,35392,15.67,100.38,28.656,93.97,5398,1017,1221,1323,17.7,116.05,0.914,31352,103,3.2,2.78,2.7,64,90.2,5487.744791,-0.149993126,-0.008018097,435.9822846,0.132661923,468.1058254,466.721419,458.6003301,29.62395627,29.09123167,28.27985125,27.57195432,34.54517612,34.58215837,34.52890393,27.21854378,26.94429586,27.22808043,34.58211359,34.50357399,34.45860555,34.5523837,180.9899244,4948.573109,83.41141898,67.26448363,81.81780017,88.94542401,92.13853904,75.3627204,95.49790092,77.31486146,451.1947943,386.7850546,20564.07809,545.5104954,587.2451721,564.5583543,159.3073048,514.2947103,169.8396306,516.3417296,369.9580185,248.0866935,246.8689516,242.6451613,258.4879032,261.6370736,53.49392282,204.9999493,45.29219753,158.799328,57.61718744,190.1356663,58.26192831,238.056066,55.76557049,273.0431503,44.5032488,261.7105797,59.80693029,254.943478,61.8153577,261.8470907,108.1765241,172.9495656,50.96606199,13.26062956,1.955645161,48.89112903,183.8306452,234.6774194,58.27822581,0.139110896,3281028.129,69225.38911,151411.5242,531.983871,5688.189516,140.3553544,36.88242001,138.5368841,36.46071354,18.64079326,696.4349085,840.9274194,147.086952,36.37222905,23.11365909,789.6972036,840.9274194,19.99859996,791.9910219,840.9274194,9.692031891,8.994386973,9.595971392,245.9661863,1.155336431,310,994,31000,100,1241.751043,1208.605779,35.65941586,13970.11511,14376.27752,0.473574409,0.495827538,13970.11511,14376.27752,72.54807371,13970.11511,0.473574409,0.495827538,11.89492701,5.78,2.524,70.34,1.82,0.158,9.8,3.16,13.59,0.77,0.041,750ML LW UB SECURO ARRACK,F3Z0121QRQQ110000X,53,0.809302326,,,
15-12-2021,52.06,52.1,44.5,85.5,12,30,10291,5551,30410,35961,18.2,99.72,28.26,92.67,5495,1006,1220,1322,18.02,117.92,0.91,31055,102,3.38,3,4.56,44,204.8,5487.744791,-0.149993126,-0.008018097,435.9822846,0.132661923,468.1058254,466.721419,458.6003301,463.6173873,455.4302838,442.4797391,431.0034315,540.4318144,541.0100187,540.1751975,425.0925845,422.8501046,425.8169554,541.0052405,539.7173403,540.6892909,540.9746726,180.9899244,4948.573109,83.41141898,67.26448363,81.81780017,88.94542401,92.13853904,75.3627204,95.49790092,77.31486146,451.1947943,386.7850546,20564.07809,545.5104954,587.2451721,564.5583543,159.3073048,514.2947103,169.8396306,516.3417296,369.9580185,468.7867338,467.4357683,458.9513014,489.2787573,498.000532,100.9880226,389.9520332,85.67613533,302.3277402,108.7519827,359.3468184,111.0644649,449.5065203,106.3750699,516.522937,84.7143516,498.4402708,113.6165967,492.1134029,118.3814936,500.6554772,207.039488,331.2400869,96.67967192,25.12845073,3.702770781,92.56926952,348.0604534,444.3324937,110.3425693,0.181989692,6212218.519,149748.9866,286678.8816,8351.649034,11334.92191,265.9014676,69.55347965,263.9898112,68.90836359,35.2501401,1329.895612,1592.191436,278.9263419,68.66259686,43.63280146,1507.07613,1592.191436,37.70017031,1501.129714,1592.191436,18.19441802,16.90372528,17.98817823,467.0238321,2.291819725,310,994,31000,100,1241.751043,1208.605779,35.65941586,13970.11511,14376.27752,0.473574409,0.495827538,13970.11511,14376.27752,72.54807371,13970.11511,0.473574409,0.495827538,11.89492701,5.78,2.524,70.34,1.82,0.158,9.8,3.16,13.59,0.77,0.041,750ML LW UB SECURO ARRACK,F3Z0121QRQQ110000X,53,0.854126679,,,
16-12-2021,58.23,58.2,47.62,81.8,9,30,10393,5989,30410,36399,19.57,99.38,28.644,93.61,5540,1016,1219,1323,18.11,118.95,0.912,31408,103,2.81,3.89,1.7,30,90.8,14953.36135,-0.405268436,-0.026074868,1187.093874,0.352044558,1266.400147,1264.831081,1242.44631,1254.747278,1229.99155,1195.010391,1163.085688,1459.533691,1461.094062,1458.836946,1150.325252,1136.634651,1151.15317,1461.08466,1457.600114,1460.163155,1459.808225,490.7885154,13482.48249,226.3732493,181.859944,221.7464986,240.1806723,247.7542017,204.5847339,257.3445378,208.855042,1218.044118,1045.590336,55537,1468.35014,1580.921569,1523.663866,422.0735294,1390.976891,469.0602241,1386.534314,998.6554622,1268.272409,1266.827031,1243.369748,1320.77521,1340.794073,272.9978773,1051.136657,231.5084701,813.8827308,292.6169051,967.7644192,299.2369901,1212.201893,287.5590866,1392.863626,228.7355598,1342.743754,310.2347987,1326.700125,319.6413921,1347.752699,558.7676081,893.9099958,260.8735561,67.80693054,10,250,940,1200,298,0.505930731,16777216,424328.9902,774228,15223.02241,30431.07703,722.9414667,188.2861132,717.2391767,186.3740075,95.49296795,3582.460415,4300,758.5651573,185.866451,117.8645351,4062.310743,4300,102.1374593,4044.987319,4300,49.33213953,45.6433248,48.6979434,1269.583925,6.306441835,310,994,31000,100,1241.751043,1208.605779,35.65941586,13970.11511,14376.27752,0.473574409,0.495827538,13970.11511,14376.27752,72.54807371,13970.11511,0.473574409,0.495827538,11.89492701,5.78,2.5234,70.16,1.71,0.135,10.09,3.14,13.45,0.81,0.041,750ML NEW ROUND ARRACK DS24 ,F3Z0111QRQQ110000X,54,0.818213058,,,
17-12-2021,59.65,59.7,56.03,93.9,23,30,10285,5808,30526,36334,18.93,99.52,28.388,92.55,5448,1006,1216,1320,17.76,118.45,0.906,31333,102,4.25,3.27,2.37,49,198.2,15017.13136,-0.405060186,-0.020872875,1193.444481,0.360709468,1266.875509,1265.246836,1234.417165,1255.279128,1229.960386,1194.99001,1163.009048,1459.533691,1461.094977,1458.796514,1150.683049,1135.922243,1151.380526,1461.075409,1457.534124,1460.146099,1459.751681,491.0638889,13536.66875,223.7902778,180.1972222,219.9743056,239.6354167,245.00625,201.3569444,256.9326389,208.55625,1216.243056,1045.670139,43063.80833,1463.376389,1584.249306,1520.954861,428.4236111,1393.88125,463.8722222,1389.020139,998.0388889,1268.588889,1267.115278,1235.315972,1320.124306,1334.665558,273.0531393,1044.268825,231.4696659,806.4244178,291.0650545,960.9515649,298.6400496,1206.469828,287.1026229,1384.268504,228.2704018,1329.906123,314.4340818,1301.396524,318.5245467,1334.217467,557.1122653,877.4940544,260.4390948,67.80693054,10,250,940,1200,298,0.501877587,16777216,454639.1722,774228,15188.38472,30402.85,722.3689274,188.5951488,715.3994988,186.8659336,95.62046672,3546.377075,4300,756.9060941,186.0631749,117.7883397,4015.569944,4300,102.2568479,4018.115439,4300,49.86499208,46.13084926,49.49997191,1267.245634,6.078659484,310,994,31000,100,1241.751043,1208.605779,35.65941586,13970.11511,14376.27752,0.473574409,0.495827538,13970.11511,14376.27752,72.54807371,13970.11511,0.473574409,0.495827538,11.89492701,5.78,2.5223,70.16,1.71,0.135,10.09,3.14,13.45,0.81,0.041,750ML NEW ROUND ARRACK DS24 ,F3Z0111QRQQ110000X,54,0.938525963,,,
18-12-2021,59.51,59.5,52.5,88.2,26,30,10375,5562,31083,36645,18.17,101.53,28.576,93.34,5676,1014,1212,1320,18.54,119.69,0.916,31197,102,4.25,3.27,2.37,49,123,15005.4045,-0.405107902,-0.026507325,1192.086402,0.358583083,1263.373464,1261.527201,1232.156321,1253.344875,1229.984605,1194.925977,1162.985059,1459.533071,1461.08136,1458.835877,1151.840934,1135.261735,1151.402994,1461.083547,1457.35554,1460.19267,1459.799135,491.1645833,13527.36597,225.0229167,180.2291667,220.5340278,239.8166667,244.7458333,202.6493056,255.95,207.8840278,1211.710417,1041.590972,4957.842361,1473.460417,1588.445833,1528.574306,432.4430556,1397.592361,460.3125,1396.085417,993.9166667,1265.129167,1263.48125,1233.145833,1316.306944,1344.307407,271.2160019,1052.751656,238.917824,811.1356269,288.6364316,960.6666327,296.1656036,1203.6611,284.9628667,1386.938576,227.8812231,1335.759468,313.4869305,1318.993136,318.0225239,1350.330746,554.3680058,889.9920433,259.1690784,67.80693054,10,250,940,1200,298,0.510314686,16777216,485420.884,774228,15457.27153,30512.825,737.433212,191.8371915,732.4394931,190.1995564,97.04837001,3584.627381,4300,771.0045889,189.2045716,120.4718854,4041.687161,4300,104.0739776,4028.211797,4300,50.31404324,46.566332,49.7548365,1293.931994,6.041284876,310,994,31000,100,1241.751043,1208.605779,35.65941586,13970.11511,14376.27752,0.473574409,0.495827538,13970.11511,14376.27752,72.54807371,13970.11511,0.473574409,0.495827538,11.89492701,5.78,2.5228,70.16,1.71,0.135,10.09,3.14,13.45,0.81,0.041,750ML NEW ROUND ARRACK DS24 ,F3Z0111QRQQ110000X,54,0.882352941,,,
19-12-2021,63.6,63.6,45.11,70.9,23,30,10359,6346,31047,37393,20.48,100.2,28.834,93.05,5386,1012,1214,1322,17.38,120.68,0.916,31478,102,4.75,3.71,4.11,53,156.1,15093.39206,-0.405090902,-0.046457715,1196.575096,0.357243974,1268.275706,1266.884969,1237.552033,1254.602238,1228.544009,1192.20436,1159.144333,1459.533691,1461.092761,1458.81665,1218.039453,1131.354035,1150.935155,1461.088133,1457.266399,1460.166746,1459.761404,491.9840278,13605.525,225.8965278,181.0173611,221.6680556,240.3430556,246.0680556,203.9368056,256.7229167,208.5993056,1213.476389,1044.864583,2182.645833,1477.977083,1581.241667,1529.168056,435.6041667,1395.66875,460.8805556,1396.235417,993.575,1269.926389,1268.726389,1238.503472,1321.320833,1358.89355,274.4415499,1064.838122,248.5597504,822.2069525,291.0476938,975.788883,299.015001,1224.780171,288.2638905,1407.832996,229.7837089,1356.581149,308.8148668,1334.430461,319.4003147,1362.386671,559.7784111,898.1493567,261.1079824,67.80693054,10,250,940,1200,298,0.499448054,16777216,516528.8826,774228,15541.45139,31023.81875,736.6655211,191.1630983,731.0325928,189.4253471,96.50935557,3619.431186,4300,772.3706673,188.6917439,119.8615454,4098.83898,4300,103.725791,4087.619358,4300,49.60793226,46.09949625,49.08627529,1293.452402,6.192009061,310,994,31000,100,1241.751043,1208.605779,35.65941586,13970.11511,14376.27752,0.473574409,0.495827538,13970.11511,14376.27752,72.54807371,13970.11511,0.473574409,0.495827538,11.89492701,5.78,2.522,70.16,1.71,0.135,10.09,3.14,13.45,0.81,0.041,750ml DEWARS WHITE LABLE,F3Z0140QVTQ110001X,57,0.70927673,,,
20-12-2021,63.36,63.4,49.83,78.6,20,30,10242,6324,31475,37799,20.19,100.51,28.76,91.84,5244,1001,1214,1321,16.75,120.71,0.906,31744,101,4.28,3,2.79,47,105.3,14951.394,-0.405125038,-0.025314379,1200.813788,0.368437171,1267.287903,1266.508636,1238.278503,1252.647593,1226.967727,1189.991087,1154.574909,1459.533756,1461.088496,1458.821576,1210.299672,1131.110916,1148.177521,1461.080383,1457.131818,1460.18047,1459.761957,490.48125,13476.69167,225.4194444,180.4076389,221.0673611,240.4826389,245.2041667,202.9659722,256.76875,208.5277778,1212.603472,1045.347222,2707.5625,1470.875694,1580.4125,1524.690278,437.5756944,1387.330556,460.2993056,1397.889583,996.56875,1269.002778,1268.329167,1239.175694,1319.702778,1363.241868,274.5136475,1069.511157,248.8377691,825.5148078,291.2213035,976.2880146,298.9875137,1224.911986,287.6183928,1409.780895,230.2416066,1359.366564,307.2036594,1333.00299,319.3988679,1366.576247,559.1652224,898.4053518,261.0358853,67.80693054,10,250,940,1200,298,0.508695827,16777216,547743.425,774228,15683.60833,31050.8,747.3070214,193.4836034,741.2035846,191.7562696,98.06794936,3628.227082,4300,783.521951,191.1341148,120.5752326,4102.150053,4300,105.2841918,4096.220338,4300,50.09603866,46.62728257,49.61104187,1311.894111,6.585457254,310,994,31000,100,1241.751043,1208.605779,35.65941586,13970.11511,14376.27752,0.473574409,0.495827538,13970.11511,14376.27752,72.54807371,13970.11511,0.473574409,0.495827538,11.89492701,5.78,2.5224,70.28,1.7,0.147,9.98,3.19,13.48,0.72,0.041,750ml DEWARS WHITE LABLE,F3Z0140QVTQ110001X,57,0.785962145,,,
21-12-2021,61.53,61.5,46.64,75.8,12,30,10193,5468,30024,35492,17.82,97.83,28.212,91.92,5329,997,1218,1320,17.36,115.64,0.906,31139,101,4.37,3.64,4.51,48,105.3,14860.06744,-0.405090928,-0.026586375,1186.451605,0.358952895,1267.719218,1266.781006,1237.945557,1251.338152,1222.171033,1186.23473,1150.62587,1459.531939,1461.082036,1458.817649,1200.303141,1124.084988,1142.771031,1461.073558,1457.006982,1460.179854,1459.761723,493.9895833,13395.73403,224.8520833,180.3604167,220.9298611,240.9215278,245.5291667,202.3041667,257.3326389,208.9618056,1215.740972,1045.236111,2695.617361,1474.570139,1581.566667,1525.4375,426.0583333,1386.795139,471.7847222,1395.655556,996.8138889,1269.438194,1268.646528,1238.843056,1320.595139,1338.702419,274.2995265,1048.678626,248.2221743,809.2556436,290.4005119,958.7786135,298.7360148,1203.824265,287.9586245,1384.185312,230.4759816,1333.474795,308.940976,1302.777372,318.9457939,1340.339668,558.3092212,880.3124162,261.1289568,67.80693054,10,250,940,1200,298,0.509903385,16777216,578838.9444,774228,15349.30556,31429.82222,717.4061974,189.246672,710.7737248,187.498939,96.21190199,3559.355309,4300,751.5103018,186.8714796,117.8148152,4020.43386,4300,102.8269194,4020.53755,4300,49.93581891,46.48271774,49.4762526,1258.577218,6.381655084,310,994,31000,100,1241.751043,1208.605779,35.65941586,13970.11511,14376.27752,0.473574409,0.495827538,13970.11511,14376.27752,72.54807371,13970.11511,0.473574409,0.495827538,11.89492701,5.78,2.5222,70.28,1.7,0.147,9.98,3.19,13.48,0.72,0.041,750ML PERICEYL BRANDY -DS23,F3Z0117QRQQ110000X,61,0.758373984,,,
22-12-2021,61.31,61.3,56.24,91.7,9,30,10122,4640,30024,34664,14.94,96.69,28.46,91.65,5234,991,1220,1322,16.86,111.63,0.906,31413,101,4.98,5.31,8.87,42,105.3,15039.77308,-0.405081529,-0.033942099,1196.344071,0.356586642,1268.08726,1266.539256,1237.468313,1250.585335,1220.001719,1184.991324,1147.910241,1459.533444,1461.086598,1458.799675,1194.797322,1117.755795,1140.026431,1461.069392,1456.897941,1460.166641,1459.741553,493.4402778,13556.01319,225.9166667,180.7791667,221.4298611,240.6416667,245.5361111,203.4041667,256.7944444,208.7993056,1216.938889,1045.043056,7196.057639,1477.036806,1583.7,1525.63125,417.5791667,1388.977778,479.5152778,1392.464583,995.9013889,1269.777083,1268.376389,1238.310417,1320.756944,1338.217753,274.0617752,1048.931407,248.2889658,810.1514269,290.9220669,960.3310655,299.0820307,1207.593478,288.7292638,1387.744746,230.284528,1338.124119,307.3878824,1309.821891,319.6657975,1343.536203,559.0622606,885.3141863,260.7137349,67.80693054,10,250,940,1200,298,0.507243768,16777216,608934.3125,774228,15267.5125,30177.16111,718.5366073,189.175588,712.6980579,187.4195119,95.13435589,3567.068951,4300,753.5582368,186.8600017,118.5289836,4035.690358,4300,103.1170913,4026.997727,4300,49.82482637,46.35573768,49.30739191,1261.52106,6.370482895,310,994,31000,100,1241.751043,1208.605779,35.65941586,13970.11511,14376.27752,0.473574409,0.495827538,13970.11511,14376.27752,72.54807371,13970.11511,0.473574409,0.495827538,11.89492701,5.78,2.5221,70.28,1.7,0.147,9.98,3.19,13.48,0.72,0.041,750ML PERICEYL BRANDY -DS23,F3Z0117QRQQ110000X,61,0.917455139,,,
23-12-2021,61.25,61.3,51.45,84,9,30,10256,6564,30884,37448,21.16,99.55,28.538,91.99,5231,1002,1219,1322,16.86,120.71,0.91,31360,101,6.65,4.41,2.84,45,105.3,15006.51017,-0.405018111,-0.030143031,1194.547041,0.359098528,1267.932943,1267.631683,1238.552551,1250.58375,1219.925232,1185.011243,1147.975122,1459.533691,1461.09348,1458.777641,1189.90895,1119.390496,1139.990735,1461.066828,1456.841994,1460.130467,1459.743221,492,13525.37986,226.0930556,180.5,221.2388889,240.1465278,245.3145833,203.6798611,256.7368056,208.4069444,1218.311111,1046.138194,15595.08611,1473.438889,1586.684028,1530.638194,429.5868056,1388.495833,504.4659722,1400.811806,997.1736111,1269.500694,1269.332639,1239.372917,1321.363889,1347.249954,273.6173785,1056.475853,247.6355132,815.6784483,290.983313,964.9667255,298.4059168,1213.036506,287.2571865,1395.552822,230.2941731,1349.383924,307.2313941,1323.866304,320.3380527,1355.267007,558.8071531,895.0360064,260.4562146,67.80693054,10,250,940,1200,298,0.497942075,16777216,639223.6639,774228,15353.975,30202.88889,727.855982,190.3192516,723.129826,188.6231194,95.77276234,3597.552168,4300,763.4211054,188.0319731,119.1199854,4068.807072,4300,103.7880018,4050.177223,4300,49.77304634,46.32056075,49.20959097,1278.620387,6.639901633,310,994,31000,100,1241.751043,1208.605779,35.65941586,13970.11511,14376.27752,0.473574409,0.495827538,13970.11511,14376.27752,72.54807371,13970.11511,0.473574409,0.495827538,11.89492701,5.78,2.5218,70.35,1.72,0.154,9.97,3.12,13.51,0.68,0.042,750ML DCSL ROUND WHISKY -DS30,F3Z0044QRQQ110000X,60,0.839314845,,,
24-12-2021,61.2,61.2,55.11,90,7,30,10232,5467,29814,35281,17.7,96.55,28.558,92.48,5396,1001,1219,1323,17.47,114.26,0.92,31041,101,4.56,3.22,6.06,47,105.3,14954.21332,-0.405000846,-0.029752634,1189.078892,0.363187361,1268.455029,1266.453212,1236.634836,1250.53028,1220.057359,1184.990218,1148.062489,1459.54487,1461.086934,1458.821349,1186.261932,1116.738926,1140.271278,1461.086295,1456.633218,1460.169992,1459.741444,491.9867964,13480.02085,224.0528145,179.1966644,219.7783183,240.2939541,243.3578874,200.8436414,255.9270327,207.5795691,1217.124392,1046.18902,55537,1477.105629,1580.718555,1534.826963,438.3224461,1389.506602,458.8457262,1395.537874,994.0548992,1270.075747,1268.211953,1237.497568,1322.512856,1341.418699,273.1941507,1050.716001,246.8248126,810.920729,289.9472077,960.5520309,297.9994337,1208.488567,287.0936603,1388.935138,229.3720087,1338.234423,306.4517291,1301.661876,318.1984037,1342.806542,557.5298227,882.5259627,259.3692108,67.80693054,10,250,940,1200,298,0.49913664,16777216,669952.4051,774228,15270.64837,30814.28492,718.1267249,189.0054822,711.2407054,187.2373756,95.27087668,3566.745571,4300,751.7055631,186.4971814,118.0983616,4028.834654,4300,102.7903734,4030.672098,4300,49.75593137,46.28118148,49.30268211,1259.386577,6.490268615,310,994,31000,100,1241.751043,1208.605779,35.65941586,13970.11511,14376.27752,0.473574409,0.495827538,13970.11511,14376.27752,72.54807371,13970.11511,0.473574409,0.495827538,11.89492701,5.78,2.5205,70.35,1.72,0.154,9.97,3.12,13.51,0.68,0.042,750ML DCSL ROUND WHISKY -DS30,F3Z0044QRQQ110000X,60,0.900490196,,,
25-12-2021,61.36,61.4,54.98,89.6,28,30,10259,5452,30484,35936,17.61,98.49,28.648,92.56,5261,1004,1219,1323,17,116.1,0.92,31139,101,3.18,3.01,0.83,36,105.3,15068.12438,-0.404849659,-0.030410623,1197.313507,0.360672068,1267.735545,1265.234375,1235.29658,1250.387222,1219.936513,1184.966233,1148.021446,1459.537945,1461.093145,1458.838174,1151.991777,1117.718942,1139.999851,1461.091871,1456.534074,1460.18487,1459.768861,493.1701389,13581.24028,223.5298611,178.8097222,219.2097222,239.7944444,242.825,200.0430556,256.1631944,207.6375,1217.849306,1045.64375,55537,1475.759028,1575.122917,1533.359028,445.0145833,1386.052778,454.6819444,1390.740278,995.0958333,1269.495139,1267.046528,1236.161111,1321.569444,1331.643841,273.7244416,1040.621384,247.2458519,802.8818589,290.4248611,951.7714753,297.7732,1199.350564,286.6895739,1376.672213,229.4314233,1326.325394,306.3411493,1289.669336,318.315725,1334.581969,556.2830335,876.5661134,259.28916,67.80693054,10,250,940,1200,298,0.494431116,16777216,699596.9972,774228,15006.73472,29927.6875,715.4962243,189.255353,708.2200984,187.3731677,95.36988848,3542.789517,4300,746.287901,186.2769098,118.96007,3992.667341,4300,102.1921293,3994.6301,4300,50.20581596,46.57877567,49.71231921,1253.028503,6.348088272,310,994,31000,100,1241.751043,1208.605779,35.65941586,13970.11511,14376.27752,0.473574409,0.495827538,13970.11511,14376.27752,72.54807371,13970.11511,0.473574409,0.495827538,11.89492701,5.78,2.5209,70.35,1.72,0.154,9.97,3.12,13.51,0.68,0.042,750ML DCSL ROUND WHISKY -DS30,F3Z0044QRQQ110000X,60,0.895439739,,,
26-12-2021,61.27,61.3,56.03,91.4,15,30,10175,5238,30179,35417,16.86,97.12,28.566,91.93,5274,996,1219,1320,16.97,113.97,0.917,31152,100,2.27,2.63,0.74,36,105.3,14958.01187,-0.40508759,-0.068111386,1189.246072,0.360150343,1268.639882,1267.033285,1236.877289,1250.507899,1220.007525,1185.009718,1147.98353,1459.533978,1461.06902,1458.825985,1140.221735,1118.549895,1139.976676,1461.087458,1456.323598,1460.178713,1459.75486,493.5118056,13481.68472,223.9173611,179.2979167,219.7673611,240.4993056,243.1416667,200.2791667,256.4861111,208.0881944,1219.143056,1045.707639,55537,1473.866667,1577.047222,1534.804861,446.0152778,1382.582639,456.3888889,1388.070833,996.3409722,1270.197222,1268.802778,1237.652083,1322.279861,1337.577564,274.2939828,1046.936086,248.0150451,806.3798067,290.8644368,955.2457103,297.634551,1209.044654,287.0471627,1387.343669,230.8398408,1336.516605,307.4368308,1296.345726,319.0446538,1338.759484,554.9879382,878.3106702,260.0325546,67.80693054,10,250,940,1200,298,0.495456555,16777216,730105.0125,774228,15101.9375,30412.8125,716.0493946,189.0654415,709.5766839,187.2930167,95.22487465,3554.64571,4300,749.2890071,186.383777,119.1817614,4020.19716,4300,102.0246429,4017.604649,4300,49.93934859,46.37978305,49.45345806,1255.848389,6.572486664,310,994,31000,100,1241.751043,1208.605779,35.65941586,13970.11511,14376.27752,0.473574409,0.495827538,13970.11511,14376.27752,72.54807371,13970.11511,0.473574409,0.495827538,11.89492701,5.78,2.52,70.35,1.72,0.154,9.97,3.12,13.51,0.68,0.042,750ML DCSL ROUND WHISKY -DS30,F3Z0044QRQQ110000X,60,0.914029364,,,
27-12-2021,62.48,62.5,50.23,80.4,24,31,10092,5748,28412,34160,18.45,91.2,28.526,91.57,5261,988,1220,1323,16.89,109.66,0.917,31108,100,2.32,2.67,3.35,42,105.3,15180.61385,-0.404979845,-0.073074077,1200.314644,0.36010704,1265.773061,1263.674469,1233.920695,1250.324212,1220.014773,1184.347477,1142.715681,1459.533815,1461.093572,1458.791611,1137.992563,1111.53459,1137.038772,1461.091528,1456.27627,1460.13269,1459.758963,492.2451389,13682.69792,224.8513889,179.3291667,219.8854167,238.91875,243.0104167,200.7090278,255.625,207.65625,1215.847222,1042.484028,55537,1479.732639,1579.30625,1539.149306,441.4166667,1388.061111,459.6409722,1393.738194,994.05,1267.361111,1265.411806,1234.743056,1318.873611,1290.277377,272.4971054,1011.670523,246.7679402,779.7296974,288.9472415,921.5249624,296.6290498,1163.638922,285.7450808,1336.521026,228.5443194,1289.559627,305.2814013,1256.782489,317.137345,1296.385111,551.7011457,851.9896941,258.322245,67.80693054,10,250,940,1200,298,0.501390228,16777216,759754.2236,774228,14539.74236,30211.40625,685.7101582,181.9528834,679.9287065,180.2371718,90.78014068,3438.648159,4300,717.5895884,179.4817225,114.8961712,3882.857516,4300,98.98423046,3876.561694,4300,49.44475004,45.29646677,48.86571345,1202.893077,6.520172247,310,994,31000,100,1241.751043,1208.605779,35.65941586,13970.11511,14376.27752,0.473574409,0.495827538,13970.11511,14376.27752,72.54807371,13970.11511,0.473574409,0.495827538,11.89492701,5.78,2.5206,70.4,1.69,0.155,9.96,3.16,13.46,0.67,0.042,750ML ROCKLAND TALISKAR -DS24,F3Z0071QRPQ110000X,59,0.80368,,,
28-12-2021,62.53,62.5,57.19,91.5,6,31,10198,6222,30812,37034,19.95,98.78,28.576,91.62,5271,997,1218,1322,16.9,118.73,0.917,31162,100,2.31,2.08,0.72,41,105.3,14990.08606,-0.405079926,-0.033260166,1191.997517,0.353122564,1266.637472,1264.587199,1235.112356,1250.949982,1219.944434,1184.001638,1140.985764,1459.533682,1461.085584,1458.806959,1161.466358,1110.531369,1136.304775,1461.093,1455.963386,1460.166884,1459.750861,491.3131944,13512.18819,226.7013889,180.4854167,221.3111111,238.8555556,244.3409722,203.0756944,255.79375,207.9291667,1217.258333,1044.293056,55537,1485.95625,1584.468056,1541.778472,443.4229167,1391.069444,458.1263889,1403.195139,997.0402778,1268.345833,1266.402778,1235.967361,1318.814583,1341.085148,272.7001331,1052.094185,247.7657222,811.1729988,289.6115481,958.602187,297.0457175,1208.7115,285.0407516,1389.544352,229.8256655,1344.698837,305.9375064,1319.645786,319.8693006,1353.129423,556.0472112,890.8544732,259.2194727,67.80693054,10,250,940,1200,298,0.508077162,16777216,788948.3681,774228,15114.4125,28598.51667,722.5581442,189.6142458,718.0219083,187.8336224,94.21682097,3585.070254,4300,757.3203796,187.1988814,120.2461421,4053.882144,4300,103.2903163,4030.578459,4300,49.79611177,46.3125753,49.18263778,1269.097741,6.886121963,310,994,31000,100,1241.751043,1208.605779,35.65941586,13970.11511,14376.27752,0.473574409,0.495827538,13970.11511,14376.27752,72.54807371,13970.11511,0.473574409,0.495827538,11.89492701,5.78,2.5204,70.4,1.69,0.155,9.96,3.16,13.46,0.67,0.042,750ML ROCKLAND TALISKAR -DS24,F3Z0071QRPQ110000X,59,0.91504,,,
31-12-2021,65.97,66,52.32,79.3,13,31,10317,7072,30999,38071,22.61,99.12,28.93,92.5,5490,1008,1219,1321,17.55,121.73,0.918,31514,101,2.98,3.95,12.39,43,105.3,15128.61831,-0.406910479,-0.028473732,1203.56636,0.352431822,1269.654795,1261.588389,1233.754781,1250.935047,1223.263551,1187.980387,1147.191641,1459.533145,1461.085487,1458.814967,1145.519956,1115.697385,1143.808243,1461.085042,1455.211416,1460.165914,1459.8224,497.59375,13640.94514,227.6909722,180.9604167,222.3180556,240.0479167,245.1604167,203.9569444,255.9020833,207.9298611,1214.769444,1042.638194,41592.40694,1475.513194,1582.770833,1530.290278,444.0798611,1391.038194,460.0847222,1390.3,994.1611111,1271.522222,1263.627778,1234.719444,1315.865972,1349.529801,274.4632529,1058.235677,250.2898325,815.4083854,290.3496362,964.6721498,297.0896029,1220.681424,286.0995373,1404.256689,231.2847213,1356.129842,312.4713032,1334.929594,320.3074304,1362.38748,559.7465817,901.0633634,259.6127506,67.80693054,10,250,940,1200,298,0.485619203,16777216,879764.1444,774228,15434.56944,29797.89375,737.1674818,192.1690777,733.8617605,190.4052373,95.54798433,3612.978642,4300,773.8145181,189.7903646,122.2523145,4095.316124,4300,104.7558355,4058.99482,4300,50.09770539,46.55126781,49.40487596,1296.20369,6.860773534,310,994,31000,100,1241.751043,1208.605779,35.65941586,13970.11511,14376.27752,0.473574409,0.495827538,13970.11511,14376.27752,72.54807371,13970.11511,0.473574409,0.495827538,11.89492701,5.78,2.5186,70.57,1.68,0.163,9.94,3.14,13.38,0.63,0.048,750ML CARTA NEGRA INDIA(FLINT)-ES1575,F3Z0128QVTQ110001X,57,0.792727273,,,
01-01-2022,65.44,65.4,58.75,89.8,17,31,10173,6178,30372,36550,19.94,98.02,28.334,91.45,5209,994,1215,1316,16.81,117.96,0.914,31000,100,2.63,2.81,1.8,49,105.3,14851.82874,-0.407742514,-0.053378518,1181.810034,0.345044453,1259.779418,1264.269638,1235.742493,1249.987657,1222.928362,1187.97083,1147.002877,1459.533061,1461.086127,1458.824128,1145.038998,1113.741478,1143.530707,1461.085079,1454.768028,1460.177129,1459.813133,496.9298124,13391.87213,225.7581654,180.171647,220.9638638,240.5149409,244.304378,201.8540653,256.2529534,208.0979847,1217.823489,1046.835302,55537,1474.394719,1579.896456,1527.736623,442.7949965,1383.687978,460.1403753,1393.003475,995.8276581,1261.731063,1266.19041,1236.698402,1318.927728,1347.722505,275.6177149,1058.404032,251.71633,811.6952843,290.7941467,954.9966394,297.2772389,1205.430564,285.8804324,1389.340912,232.2216942,1339.1071,312.4099962,1310.97824,318.8986363,1351.164968,559.6312589,885.0502985,261.5065966,67.80693054,10,250,940,1200,298,0.506404582,16777216,107403.4885,885278.8812,15168.4114,30867.69006,717.3695507,188.4169655,711.8869314,186.7574897,93.59528239,3583.937368,4300,750.7221861,186.0476983,118.8741704,4039.428268,4300,103.5730349,4030.527326,4300,49.48978264,46.10983761,48.99715144,1258.746274,7.138656025,310,994,31000,100,1241.751043,1208.605779,35.65941586,13970.11511,14376.27752,0.473574409,0.495827538,13970.11511,14376.27752,72.54807371,13970.11511,0.473574409,0.495827538,11.89492701,5.78,2.5204,70.57,1.68,0.163,9.94,3.14,13.38,0.63,0.048,750ML CARTA NEGRA INDIA(FLINT)-ES1575,F3Z0128QVTQ110001X,57,0.898318043,,,
02-01-2022,65.56,65.6,58.52,89.3,32,31,10416,8954,31031,39985,28.8,99.81,28.827,92.72,5319,1016,1219,1321,17.11,128.61,0.914,31539,101,2.97,4.07,0.59,48,105.3,15350.45329,-0.405811378,-0.045539976,1220.733657,0.360468498,1256.225739,1262.854207,1234.642436,1249.986725,1222.986966,1188.030525,1147.096383,1459.532862,1461.086919,1458.791985,1157.273696,1114.183111,1143.451495,1461.079899,1454.441012,1460.159958,1459.781104,502.2395833,13838.51806,230.0027778,182.5729167,224.3548611,240.4048611,247.1951389,206.6118056,256.0256944,207.9930556,1215.753472,1044.007639,55537,1469.535417,1577.927778,1526.295139,447.7354167,1384.400694,464.95,1400.794444,994.6409722,1258.203472,1264.788194,1235.632639,1317.483333,1365.841209,277.8474663,1074.69216,252.4997614,825.2133979,292.2743051,971.4465979,298.6369151,1227.893518,286.4638767,1413.549303,234.5652486,1374.997991,313.7965371,1361.455922,320.9792048,1380.233654,565.8164511,915.2878251,263.2228991,67.80693054,10,250,940,1200,298,0.501604919,16777216,42645.01319,898491,15521.12986,30439.05417,739.3697952,190.5337582,737.4300283,188.7988041,94.07455621,3661.356667,4300,776.3858513,188.2223671,121.8326581,4149.990753,4300,103.7575232,4099.237229,4300,49.10349261,45.63471133,48.33999023,1301.018178,6.815080059,311,1016,31539,101,1241.751043,1208.605779,35.65941586,13970.11511,14376.27752,0.473574409,0.495827538,13970.11511,14376.27752,72.54807371,13970.11511,0.473574409,0.495827538,11.89492701,5.78,2.521,70.57,1.68,0.163,9.94,3.14,13.38,0.63,0.048,750ML CARTA NEGRA INDIA(FLINT)-ES1575,F3Z0128QVTQ110001X,57,0.892073171,,,
03-01-2022,65.48,65.5,58.82,89.8,10,31,10518,8393,31155,39548,27.17,100.85,28.992,93.85,5289,1026,1222,1321,17.12,128.02,0.914,31720,103,3.5,4.85,8.3,74,105.3,15182.84084,-0.405052112,-0.030514237,1209.588764,0.363750811,1257.977702,1264.999034,1236.75827,1249.992397,1223.000593,1187.940341,1147.017951,1459.533675,1461.094494,1458.736733,1176.718063,1123.415801,1142.177641,1461.081125,1454.288953,1460.107487,1459.73455,503.4354167,13685.59306,229.1527778,182.1972222,223.3722222,239.8631944,246.78125,205.8423611,257.3625,208.7854167,1219.323611,1044.251389,55215.72153,1475.353472,1578.477083,1529.069444,449.46875,1389.924306,468.0340278,1404.359028,1003.229167,1259.793056,1266.875694,1237.594444,1319.3875,1344.020867,279.9288736,1055.136399,254.0767238,811.5053526,293.8491029,958.379148,300.401474,1215.012938,288.4700544,1394.059044,234.8579732,1357.31337,311.129673,1343.156026,324.2230941,1359.110569,568.0897991,902.3256621,264.0868512,67.80693054,10,250,940,1200,298,0.505907918,16777216,73643.46736,898491,15537.51111,30960.98125,733.8930773,191.3897085,732.1868867,189.5884453,94.22227025,3605.457503,4300,771.0298047,188.9819154,122.6036366,4094.535681,4300,104.0107542,4040.035442,4300,50.03947128,46.37110558,49.20968549,1291.743744,6.896580815,309,1026,31720,103,1241.751043,1208.605779,35.65941586,13970.11511,14376.27752,0.473574409,0.495827538,13970.11511,14376.27752,72.54807371,13970.11511,0.473574409,0.495827538,11.89492701,5.78,2.5256,70.57,1.68,0.163,9.94,3.14,13.38,0.63,0.048,750ML CARTA NEGRA INDIA (FLINT)-DS28,F3Z0128QVTQ110001X,57,0.898015267,,,
04-01-2022,47.83,47.8,33.85,70.8,10,31,10323,6338,30076,36414,20.97,99.5,28.022,92.71,5346,1009,1227,1323,17.69,120.47,0.914,30659,101,3.1,4.04,6.12,79,105.3,14529.05948,-0.405030582,-0.028832861,1174.828448,0.356231735,1258.471883,1267.654521,1239.069265,1249.829475,1234.272665,1210.267994,1170.121571,1459.533594,1461.095022,1458.758741,1158.792861,1144.006475,1152.69457,1461.068776,1453.540738,1460.126736,1459.7467,500.3236111,13097.68889,226.7506944,180.7965278,221.7930556,240.7430556,245.8090278,202.7666667,258.0548611,209.6194444,1224.259028,1045.170139,19144.62431,1479.265278,1582.390278,1534.349306,439.0729167,1388.109028,475.2895833,1397.161111,1007.7875,1260.295833,1269.536806,1239.989583,1321.604167,1316.165935,281.9989411,1030.3297,256.2550615,793.4803382,295.1415421,939.8031605,301.9991725,1196.134338,291.5767247,1371.05758,236.8118241,1325.70208,312.8862818,1293.326019,326.1320905,1324.643534,568.2200047,872.5039375,265.9266501,67.80693054,10,250,940,1200,298,0.507165776,16777216,104342.1785,898491,15094.39722,31141.825,720.0468863,192.5634161,716.2779135,190.7614293,95.0214601,3513.308986,4300,757.3305363,190.3804012,122.6924191,3990.077639,4300,105.3180939,3959.745924,4300,51.53968932,47.89950842,50.85256071,1266.628185,6.983486852,302,1009,30659,101,1241.751043,1208.605779,35.65941586,13970.11511,14376.27752,0.473574409,0.495827538,13970.11511,14376.27752,72.54807371,13970.11511,0.473574409,0.495827538,11.89492701,5.78,2.5227,70,1.72,0.137,10.17,3.08,13.9,0.49,0.039,375ml IDL BLACK LABEL,F3Y0159QRQQ110000X,48,0.708158996,,,
05-01-2022,45,45,39.97,88.8,16,31,10293,6835,31342,38177,22.41,102.75,28.018,91.85,5368,1004,1222,1321,17.6,125.16,0.918,30521,100,3.66,3.7,3.96,226,105.3,14196.67276,-0.405062074,-0.030430008,1169.943066,0.35087011,1257.445679,1265.95164,1238.873291,1249.988651,1234.946099,1214.969909,1180.483062,1459.533484,1461.090826,1458.772407,1160.344148,1154.789818,1162.0033,1461.079695,1452.118437,1460.130757,1459.754719,498.7722222,12797.45556,227.7611111,180.8569444,222.3916667,240.3326389,246.94375,203.6770833,257.8159722,209.3951389,1222.517361,1043.675,2454.725,1475.615972,1580.915278,1531.923611,425.9805556,1391.204167,486.2180556,1384.947917,1008.188194,1259.375,1267.818056,1239.796528,1318.374306,1313.903358,281.5834771,1028.724599,256.367189,791.4906466,294.5874318,935.3841142,300.4116013,1189.624727,290.5951004,1366.938741,236.5702144,1323.514662,312.7920016,1298.793965,326.3163073,1328.831505,569.3793376,879.4355244,265.3638608,67.80693054,10,250,940,1200,298,0.51025281,16777216,134790.65,898491,15352.225,30190.64375,732.4376569,196.0324076,730.74303,194.4216339,96.84567908,3522.172797,4300,770.4165022,194.05136,124.7981769,3989.251789,4300,107.5167823,3945.2281,4300,52.50793613,48.91971603,51.77504914,1289.678245,7.09274732,305,1004,30521,100,1241.751043,1208.605779,35.65941586,13970.11511,14376.27752,0.473574409,0.495827538,13970.11511,14376.27752,72.54807371,13970.11511,0.473574409,0.495827538,11.89492701,5.78,2.519,70,1.72,0.137,10.17,3.08,13.9,0.49,0.039,375ml IDL BLACK LABEL,F3Y0159QRQQ110000X,48,0.888222222,,,
09-01-2022,49.38,49.4,41.03,83.1,19,31,10206,7312,31521,38833,23.67,102.04,28.08,90.9,5314,996,1222,1320,17.2,125.71,0.912,30789,100,3.12,2.73,3.24,34,105.3,14369.65559,-0.417595192,-0.034221119,1184.077125,0.367524966,1257.175649,1268.060659,1237.390442,1255.010069,1235.00756,1219.998543,1187.997292,1459.533476,1461.094391,1458.749732,1168.689113,1163.261277,1170.038184,1461.079854,786.6531188,1460.17641,1459.796229,495.6296039,12953.85685,229.0521195,180.8818624,222.342599,240.913829,248.7060459,204.1000695,257.9548297,209.257123,1223.504517,1044.186935,32769,1478.824183,1570.559416,1531.136206,443.742877,1383.150799,462.9555247,1383.160528,1016.373176,1259.217512,1270.128562,1238.441279,1320.992356,1321.37118,283.4756946,1031.690361,259.2664174,798.583365,295.7375378,948.0718961,301.745032,1209.877212,292.3094727,1387.050632,239.1417642,1343.095292,312.4679003,1309.879146,335.0959971,1339.882858,570.7211346,886.0951026,267.7445278,67.80693054,10,250,940,1200,298,0.511172838,16777216,259202.5504,898491,15499.21404,30217.62196,743.8156918,197.397064,742.4966988,195.6990773,98.29786322,3547.34632,4300,783.3709864,195.1328079,124.8773743,4040.023859,4300,107.9837461,3988.222433,4300,52.39144614,48.61244251,51.58698214,1310.541217,7.250013263,309,996,30789,100,1241.751043,1208.605779,35.65941586,13970.11511,14376.27752,0.473574409,0.495827538,13970.11511,14376.27752,72.54807371,13970.11511,0.473574409,0.495827538,11.89492701,5.78,2.5145,71.1,1.74,0.135,9.62,3.09,13.39,0.42,0.038,330ML CIDER FLINT(CARLSBERG PLAIN) -DS 40,F3X0145QLQQ110000X,48,0.830566802,,,
11-01-2022,43.06,43.1,35.88,83.3,23,31,10331,5860,31141,37001,18.89,100.38,28.828,92.92,5383,1010,1217,1224,17.35,119.27,0.913,31575,102,2.88,2.35,3.69,67,105.3,14813.31364,-0.405094135,-0.030467778,1203.183198,0.368028226,1256.264038,1270.075836,1235.001882,1255.016983,1234.914637,1218.438611,1182.069135,1459.533574,1461.095049,1458.776179,1162.321245,1158.335559,1164.253642,1461.081848,786.6563035,1460.182776,1459.749955,493.7902778,13354.73542,227.7215278,180.7048611,222.30625,241.4298611,248.4604167,202.6625,258.4736111,209.7645833,1221.984028,1047.061111,36026.08889,1489.736111,1580.914583,1542.124306,450.925,1397.422222,453.2805556,1394.996528,1019.290972,1258.31875,1272.009028,1236.002083,1322.921528,1321.606948,285.2184601,1030.350195,260.6086057,796.1488077,297.0833333,942.92374,301.8853596,1203.338798,293.5486592,1378.594794,239.3945304,1331.499565,313.3224808,1286.886731,339.4053769,1330.374307,572.0394441,871.8480748,268.6202731,67.80693054,10,250,940,1200,298,0.504166763,16777216,321259.3889,898491,15402.88264,30775.6125,732.9887204,195.5021702,728.9524674,193.7967304,97.03462577,3523.816066,4300,769.9804585,193.1754919,123.2592103,3996.976662,4300,107.7619601,3972.749887,4300,52.1591609,48.47933303,51.53911546,1288.736544,7.112258471,310,1010,31575,102,1241.751043,1208.605779,35.65941586,13970.11511,14376.27752,0.473574409,0.495827538,13970.11511,14376.27752,72.54807371,13970.11511,0.473574409,0.495827538,11.89492701,5.78,2.5144,70.87,1.77,0.142,9.88,2.97,13.48,0.39,0.037,340ML SUNQUICK (PAL) -DS40,F3X0068QRNQ110002X,42,0.832482599,,,
12-01-2022,43.09,43.1,39.2,91,10,31,10329,5176,30073,35249,16.75,97.3,28.9,93.51,5575,1011,1217,1326,18,114.05,0.913,31654,102,2.83,2.65,5.65,52,105.3,14929.8341,-0.405106746,-0.030110984,1210.32984,0.367108863,1255.971273,1271.919607,1236.848602,1255.088829,1234.990916,1219.977824,1182.994118,1459.533691,1461.091591,1458.739354,1163.116271,1158.952076,1164.981491,1461.066104,786.6954562,1460.152418,1459.747442,497.8145833,13460.10694,227.0958333,180.5916667,222.0298611,240.925,247.8847222,201.5659722,258.6840278,210.4118056,1215.520833,1047.775,32769,1491.08125,1579.519444,1543.568056,471.1729167,1390.278472,440.725,1399.158333,1032.086806,1258.004167,1273.961806,1237.874306,1324.392361,1315.830359,286.2581977,1025.69123,261.3006388,791.5758455,297.1667647,938.0144013,302.1043031,1196.185779,294.0060761,1370.541169,240.1473276,1320.834138,313.9899185,1269.445252,341.1636698,1320.644853,572.7066426,859.6430583,269.3491991,67.80693054,10,250,940,1200,298,0.480735413,16777216,352334.8382,898491,15385.56944,31092.7625,719.4346235,193.1415409,713.9591747,191.4228395,95.75530466,3496.117873,4300,755.2916183,190.8552756,121.5193386,3960.822173,4300,106.7831789,3951.460825,4300,51.86775628,48.24365435,51.34462989,1263.766385,7.22244326,309,1011,31654,102,1241.751043,1208.605779,35.65941586,13970.11511,14376.27752,0.473574409,0.495827538,13970.11511,14376.27752,72.54807371,13970.11511,0.473574409,0.495827538,11.89492701,5.78,2.5147,70.82,1.75,0.123,9.5,3.2,13.65,0.46,0.036,340ML SUNQUICK (PAL) -DS40,F3X0068QRNQ110002X,42,0.909512761,,,
07-02-2022,44.11,44.1,34.06,77.2,21,30,10490,7387,31069,38456,24.2,101.78,28.631,93.8,5588,1024,1227,1324,18.3,125.98,0.916,31257,102,2.95,2.83,7.28,73,105.3,14861.5037,-0.41588899,-0.058181953,1194.918838,0.358160233,1262.035014,1257.330678,1230.214488,1250.36153,1227.24828,1197.984155,1163.434293,1459.534919,1461.086529,1458.734075,1142.943047,1139.409877,1145.113371,1461.087418,786.6975161,1460.232982,1459.76765,491.2618056,13397.36458,210.6888889,179.2173611,219.3965278,240.5722222,245.225,203.3402778,257.2486111,208.6631944,1222.225694,1045.204167,55537,1489.01875,1581.392361,1538.492361,433.7506944,1396.298611,455.0298611,1404.658333,989.8527778,1263.799306,1259.302083,1231.093056,1318.822917,1329.505854,290.0542539,1039.070137,245.2300308,798.8659012,288.2467698,938.5621609,299.5857456,1224.204684,295.3573504,1395.867091,248.3193486,1362.688081,318.4184537,1283.99402,253.0979943,1343.867349,582.3447131,870.7678278,270.3132251,67.80693054,10,250,940,1200,298,0.507653171,16777216,197617.4875,934674,15801.625,30985.975,740.9833195,196.3766878,738.4182465,194.609761,91.97434417,3544.143041,4300,780.4627048,194.0163001,126.3526718,4042.552407,4300,112.0815489,4000.700873,4300,52.05495398,48.24276941,51.30246676,1304.878989,5.391609595,305,1024,31257,102,1231.288194,1194.885875,40.8794375,14408.66274,14861.43835,0.479166667,0.485416667,14408.66274,14861.43835,73.94566667,14408.66274,0.479166667,0.485416667,12.43753789,4.36,2.5172,70.2,1.82,0.102,9.48,3.24,13.61,1.05,0.034,375ML IDL -DS39,F3Y0063ARAQ110000X,48,0.772335601,Bubble (>2.5 mm),600,45454
07-02-2022,44.11,44.1,34.06,77.2,21,30,10490,7387,31069,38456,24.2,101.78,28.631,93.8,5588,1024,1227,1324,18.3,125.98,0.916,31257,102,2.95,2.83,7.28,73,105.3,14861.5037,-0.41588899,-0.058181953,1194.918838,0.358160233,1262.035014,1257.330678,1230.214488,1250.36153,1227.24828,1197.984155,1163.434293,1459.534919,1461.086529,1458.734075,1142.943047,1139.409877,1145.113371,1461.087418,786.6975161,1460.232982,1459.76765,491.2618056,13397.36458,210.6888889,179.2173611,219.3965278,240.5722222,245.225,203.3402778,257.2486111,208.6631944,1222.225694,1045.204167,55537,1489.01875,1581.392361,1538.492361,433.7506944,1396.298611,455.0298611,1404.658333,989.8527778,1263.799306,1259.302083,1231.093056,1318.822917,1329.505854,290.0542539,1039.070137,245.2300308,798.8659012,288.2467698,938.5621609,299.5857456,1224.204684,295.3573504,1395.867091,248.3193486,1362.688081,318.4184537,1283.99402,253.0979943,1343.867349,582.3447131,870.7678278,270.3132251,67.80693054,10,250,940,1200,298,0.507653171,16777216,197617.4875,934674,15801.625,30985.975,740.9833195,196.3766878,738.4182465,194.609761,91.97434417,3544.143041,4300,780.4627048,194.0163001,126.3526718,4042.552407,4300,112.0815489,4000.700873,4300,52.05495398,48.24276941,51.30246676,1304.878989,5.391609595,305,1024,31257,102,1231.288194,1194.885875,40.8794375,14408.66274,14861.43835,0.479166667,0.485416667,14408.66274,14861.43835,73.94566667,14408.66274,0.479166667,0.485416667,12.43753789,4.36,2.5172,70.2,1.82,0.102,9.48,3.24,13.61,1.05,0.034,375ML IDL -DS39,F3Y0063ARAQ110000X,48,0.772335601,CRACK UNDER FINISH,510,45535
07-02-2022,44.11,44.1,34.06,77.2,21,30,10490,7387,31069,38456,24.2,101.78,28.631,93.8,5588,1024,1227,1324,18.3,125.98,0.916,31257,102,2.95,2.83,7.28,73,105.3,14861.5037,-0.41588899,-0.058181953,1194.918838,0.358160233,1262.035014,1257.330678,1230.214488,1250.36153,1227.24828,1197.984155,1163.434293,1459.534919,1461.086529,1458.734075,1142.943047,1139.409877,1145.113371,1461.087418,786.6975161,1460.232982,1459.76765,491.2618056,13397.36458,210.6888889,179.2173611,219.3965278,240.5722222,245.225,203.3402778,257.2486111,208.6631944,1222.225694,1045.204167,55537,1489.01875,1581.392361,1538.492361,433.7506944,1396.298611,455.0298611,1404.658333,989.8527778,1263.799306,1259.302083,1231.093056,1318.822917,1329.505854,290.0542539,1039.070137,245.2300308,798.8659012,288.2467698,938.5621609,299.5857456,1224.204684,295.3573504,1395.867091,248.3193486,1362.688081,318.4184537,1283.99402,253.0979943,1343.867349,582.3447131,870.7678278,270.3132251,67.80693054,10,250,940,1200,298,0.507653171,16777216,197617.4875,934674,15801.625,30985.975,740.9833195,196.3766878,738.4182465,194.609761,91.97434417,3544.143041,4300,780.4627048,194.0163001,126.3526718,4042.552407,4300,112.0815489,4000.700873,4300,52.05495398,48.24276941,51.30246676,1304.878989,5.391609595,305,1024,31257,102,1231.288194,1194.885875,40.8794375,14408.66274,14861.43835,0.479166667,0.485416667,14408.66274,14861.43835,73.94566667,14408.66274,0.479166667,0.485416667,12.43753789,4.36,2.5172,70.2,1.82,0.102,9.48,3.24,13.61,1.05,0.034,375ML IDL -DS39,F3Y0063ARAQ110000X,48,0.772335601,COLD MOLD,315,45652
07-02-2022,44.11,44.1,34.06,77.2,21,30,10490,7387,31069,38456,24.2,101.78,28.631,93.8,5588,1024,1227,1324,18.3,125.98,0.916,31257,102,2.95,2.83,7.28,73,105.3,14861.5037,-0.41588899,-0.058181953,1194.918838,0.358160233,1262.035014,1257.330678,1230.214488,1250.36153,1227.24828,1197.984155,1163.434293,1459.534919,1461.086529,1458.734075,1142.943047,1139.409877,1145.113371,1461.087418,786.6975161,1460.232982,1459.76765,491.2618056,13397.36458,210.6888889,179.2173611,219.3965278,240.5722222,245.225,203.3402778,257.2486111,208.6631944,1222.225694,1045.204167,55537,1489.01875,1581.392361,1538.492361,433.7506944,1396.298611,455.0298611,1404.658333,989.8527778,1263.799306,1259.302083,1231.093056,1318.822917,1329.505854,290.0542539,1039.070137,245.2300308,798.8659012,288.2467698,938.5621609,299.5857456,1224.204684,295.3573504,1395.867091,248.3193486,1362.688081,318.4184537,1283.99402,253.0979943,1343.867349,582.3447131,870.7678278,270.3132251,67.80693054,10,250,940,1200,298,0.507653171,16777216,197617.4875,934674,15801.625,30985.975,740.9833195,196.3766878,738.4182465,194.609761,91.97434417,3544.143041,4300,780.4627048,194.0163001,126.3526718,4042.552407,4300,112.0815489,4000.700873,4300,52.05495398,48.24276941,51.30246676,1304.878989,5.391609595,305,1024,31257,102,1231.288194,1194.885875,40.8794375,14408.66274,14861.43835,0.479166667,0.485416667,14408.66274,14861.43835,73.94566667,14408.66274,0.479166667,0.485416667,12.43753789,4.36,2.5172,70.2,1.82,0.102,9.48,3.24,13.61,1.05,0.034,375ML IDL -DS39,F3Y0063ARAQ110000X,48,0.772335601,HOT MOLD CHECK,285,45238
07-02-2022,44.11,44.1,34.06,77.2,21,30,10490,7387,31069,38456,24.2,101.78,28.631,93.8,5588,1024,1227,1324,18.3,125.98,0.916,31257,102,2.95,2.83,7.28,73,105.3,14861.5037,-0.41588899,-0.058181953,1194.918838,0.358160233,1262.035014,1257.330678,1230.214488,1250.36153,1227.24828,1197.984155,1163.434293,1459.534919,1461.086529,1458.734075,1142.943047,1139.409877,1145.113371,1461.087418,786.6975161,1460.232982,1459.76765,491.2618056,13397.36458,210.6888889,179.2173611,219.3965278,240.5722222,245.225,203.3402778,257.2486111,208.6631944,1222.225694,1045.204167,55537,1489.01875,1581.392361,1538.492361,433.7506944,1396.298611,455.0298611,1404.658333,989.8527778,1263.799306,1259.302083,1231.093056,1318.822917,1329.505854,290.0542539,1039.070137,245.2300308,798.8659012,288.2467698,938.5621609,299.5857456,1224.204684,295.3573504,1395.867091,248.3193486,1362.688081,318.4184537,1283.99402,253.0979943,1343.867349,582.3447131,870.7678278,270.3132251,67.80693054,10,250,940,1200,298,0.507653171,16777216,197617.4875,934674,15801.625,30985.975,740.9833195,196.3766878,738.4182465,194.609761,91.97434417,3544.143041,4300,780.4627048,194.0163001,126.3526718,4042.552407,4300,112.0815489,4000.700873,4300,52.05495398,48.24276941,51.30246676,1304.878989,5.391609595,305,1024,31257,102,1231.288194,1194.885875,40.8794375,14408.66274,14861.43835,0.479166667,0.485416667,14408.66274,14861.43835,73.94566667,14408.66274,0.479166667,0.485416667,12.43753789,4.36,2.5172,70.2,1.82,0.102,9.48,3.24,13.61,1.05,0.034,375ML IDL -DS39,F3Y0063ARAQ110000X,48,0.772335601,INSIDE WAVY BODY,270,45000
08-02-2022,41.23,41.2,37.78,91.6,18,30,10311,6793,31044,37837,21.9,100.06,28.672,92.42,5401,1007,1226,1320,17.4,121.96,0.911,31473,101,3.63,3.76,5.6,49,105.3,14870.92414,-0.406486276,-0.042558462,1196.845754,0.359745623,1262.045326,1260.130508,1232.975839,1255.015451,1229.98829,1204.980913,1170.990379,1459.534122,1461.08949,1458.73832,1148.955949,1144.893756,1150.907961,1461.091758,786.7048725,1460.232391,1459.766541,493.1763889,13405.68333,210.8999305,178.9993051,219.1397775,240.6397775,244.6905424,202.6995828,257.581363,208.9602787,1225.284519,1048.682706,55537,1476.222455,1573.711793,1527.435056,434.2381285,1392.678073,457.0433263,1399.404612,992.0076869,1263.814583,1262.03125,1233.903472,1321.236732,1323.775078,291.0199975,1033.266609,246.3732413,793.7879113,290.187344,932.5749742,299.074239,1217.40668,294.7149637,1387.198752,248.7117682,1355.117451,317.0073592,1273.79344,249.8624677,1335.600899,582.2102483,864.4197769,271.1293961,67.80693054,10,250,940,1200,298,0.509366718,16777216,228297.8333,934674,15429.89776,31058.02104,731.1335092,194.9171146,728.300185,193.1502435,90.66293638,3523.671259,4300,769.7552409,192.5715415,126.2369209,4015.954005,4300,111.277983,3976.867733,4300,51.97292208,48.18646951,51.23676143,1287.080983,6.552905166,310,1007,31473,101,1232.436806,1197.441056,34.28201389,14447.89361,14887.32217,0.478472222,0.486805556,14447.89361,14887.32217,73.90242361,14447.89361,0.478472222,0.486805556,12.43261378,4.36,2.5153,70.2,1.82,0.102,9.48,3.24,13.61,1.05,0.034,375ML IDL -DS39,F3Y0063ARAQ110000X,48,0.916990291,Bubble (>2.5 mm),600,45454
08-02-2022,41.23,41.2,37.78,91.6,18,30,10311,6793,31044,37837,21.9,100.06,28.672,92.42,5401,1007,1226,1320,17.4,121.96,0.911,31473,101,3.63,3.76,5.6,49,105.3,14870.92414,-0.406486276,-0.042558462,1196.845754,0.359745623,1262.045326,1260.130508,1232.975839,1255.015451,1229.98829,1204.980913,1170.990379,1459.534122,1461.08949,1458.73832,1148.955949,1144.893756,1150.907961,1461.091758,786.7048725,1460.232391,1459.766541,493.1763889,13405.68333,210.8999305,178.9993051,219.1397775,240.6397775,244.6905424,202.6995828,257.581363,208.9602787,1225.284519,1048.682706,55537,1476.222455,1573.711793,1527.435056,434.2381285,1392.678073,457.0433263,1399.404612,992.0076869,1263.814583,1262.03125,1233.903472,1321.236732,1323.775078,291.0199975,1033.266609,246.3732413,793.7879113,290.187344,932.5749742,299.074239,1217.40668,294.7149637,1387.198752,248.7117682,1355.117451,317.0073592,1273.79344,249.8624677,1335.600899,582.2102483,864.4197769,271.1293961,67.80693054,10,250,940,1200,298,0.509366718,16777216,228297.8333,934674,15429.89776,31058.02104,731.1335092,194.9171146,728.300185,193.1502435,90.66293638,3523.671259,4300,769.7552409,192.5715415,126.2369209,4015.954005,4300,111.277983,3976.867733,4300,51.97292208,48.18646951,51.23676143,1287.080983,6.552905166,310,1007,31473,101,1232.436806,1197.441056,34.28201389,14447.89361,14887.32217,0.478472222,0.486805556,14447.89361,14887.32217,73.90242361,14447.89361,0.478472222,0.486805556,12.43261378,4.36,2.5153,70.2,1.82,0.102,9.48,3.24,13.61,1.05,0.034,375ML IDL -DS39,F3Y0063ARAQ110000X,48,0.916990291,CRACK UNDER FINISH,510,45535
08-02-2022,41.23,41.2,37.78,91.6,18,30,10311,6793,31044,37837,21.9,100.06,28.672,92.42,5401,1007,1226,1320,17.4,121.96,0.911,31473,101,3.63,3.76,5.6,49,105.3,14870.92414,-0.406486276,-0.042558462,1196.845754,0.359745623,1262.045326,1260.130508,1232.975839,1255.015451,1229.98829,1204.980913,1170.990379,1459.534122,1461.08949,1458.73832,1148.955949,1144.893756,1150.907961,1461.091758,786.7048725,1460.232391,1459.766541,493.1763889,13405.68333,210.8999305,178.9993051,219.1397775,240.6397775,244.6905424,202.6995828,257.581363,208.9602787,1225.284519,1048.682706,55537,1476.222455,1573.711793,1527.435056,434.2381285,1392.678073,457.0433263,1399.404612,992.0076869,1263.814583,1262.03125,1233.903472,1321.236732,1323.775078,291.0199975,1033.266609,246.3732413,793.7879113,290.187344,932.5749742,299.074239,1217.40668,294.7149637,1387.198752,248.7117682,1355.117451,317.0073592,1273.79344,249.8624677,1335.600899,582.2102483,864.4197769,271.1293961,67.80693054,10,250,940,1200,298,0.509366718,16777216,228297.8333,934674,15429.89776,31058.02104,731.1335092,194.9171146,728.300185,193.1502435,90.66293638,3523.671259,4300,769.7552409,192.5715415,126.2369209,4015.954005,4300,111.277983,3976.867733,4300,51.97292208,48.18646951,51.23676143,1287.080983,6.552905166,310,1007,31473,101,1232.436806,1197.441056,34.28201389,14447.89361,14887.32217,0.478472222,0.486805556,14447.89361,14887.32217,73.90242361,14447.89361,0.478472222,0.486805556,12.43261378,4.36,2.5153,70.2,1.82,0.102,9.48,3.24,13.61,1.05,0.034,375ML IDL -DS39,F3Y0063ARAQ110000X,48,0.916990291,COLD MOLD,315,45652
08-02-2022,41.23,41.2,37.78,91.6,18,30,10311,6793,31044,37837,21.9,100.06,28.672,92.42,5401,1007,1226,1320,17.4,121.96,0.911,31473,101,3.63,3.76,5.6,49,105.3,14870.92414,-0.406486276,-0.042558462,1196.845754,0.359745623,1262.045326,1260.130508,1232.975839,1255.015451,1229.98829,1204.980913,1170.990379,1459.534122,1461.08949,1458.73832,1148.955949,1144.893756,1150.907961,1461.091758,786.7048725,1460.232391,1459.766541,493.1763889,13405.68333,210.8999305,178.9993051,219.1397775,240.6397775,244.6905424,202.6995828,257.581363,208.9602787,1225.284519,1048.682706,55537,1476.222455,1573.711793,1527.435056,434.2381285,1392.678073,457.0433263,1399.404612,992.0076869,1263.814583,1262.03125,1233.903472,1321.236732,1323.775078,291.0199975,1033.266609,246.3732413,793.7879113,290.187344,932.5749742,299.074239,1217.40668,294.7149637,1387.198752,248.7117682,1355.117451,317.0073592,1273.79344,249.8624677,1335.600899,582.2102483,864.4197769,271.1293961,67.80693054,10,250,940,1200,298,0.509366718,16777216,228297.8333,934674,15429.89776,31058.02104,731.1335092,194.9171146,728.300185,193.1502435,90.66293638,3523.671259,4300,769.7552409,192.5715415,126.2369209,4015.954005,4300,111.277983,3976.867733,4300,51.97292208,48.18646951,51.23676143,1287.080983,6.552905166,310,1007,31473,101,1232.436806,1197.441056,34.28201389,14447.89361,14887.32217,0.478472222,0.486805556,14447.89361,14887.32217,73.90242361,14447.89361,0.478472222,0.486805556,12.43261378,4.36,2.5153,70.2,1.82,0.102,9.48,3.24,13.61,1.05,0.034,375ML IDL -DS39,F3Y0063ARAQ110000X,48,0.916990291,HOT MOLD CHECK,285,45238
08-02-2022,41.23,41.2,37.78,91.6,18,30,10311,6793,31044,37837,21.9,100.06,28.672,92.42,5401,1007,1226,1320,17.4,121.96,0.911,31473,101,3.63,3.76,5.6,49,105.3,14870.92414,-0.406486276,-0.042558462,1196.845754,0.359745623,1262.045326,1260.130508,1232.975839,1255.015451,1229.98829,1204.980913,1170.990379,1459.534122,1461.08949,1458.73832,1148.955949,1144.893756,1150.907961,1461.091758,786.7048725,1460.232391,1459.766541,493.1763889,13405.68333,210.8999305,178.9993051,219.1397775,240.6397775,244.6905424,202.6995828,257.581363,208.9602787,1225.284519,1048.682706,55537,1476.222455,1573.711793,1527.435056,434.2381285,1392.678073,457.0433263,1399.404612,992.0076869,1263.814583,1262.03125,1233.903472,1321.236732,1323.775078,291.0199975,1033.266609,246.3732413,793.7879113,290.187344,932.5749742,299.074239,1217.40668,294.7149637,1387.198752,248.7117682,1355.117451,317.0073592,1273.79344,249.8624677,1335.600899,582.2102483,864.4197769,271.1293961,67.80693054,10,250,940,1200,298,0.509366718,16777216,228297.8333,934674,15429.89776,31058.02104,731.1335092,194.9171146,728.300185,193.1502435,90.66293638,3523.671259,4300,769.7552409,192.5715415,126.2369209,4015.954005,4300,111.277983,3976.867733,4300,51.97292208,48.18646951,51.23676143,1287.080983,6.552905166,310,1007,31473,101,1232.436806,1197.441056,34.28201389,14447.89361,14887.32217,0.478472222,0.486805556,14447.89361,14887.32217,73.90242361,14447.89361,0.478472222,0.486805556,12.43261378,4.36,2.5153,70.2,1.82,0.102,9.48,3.24,13.61,1.05,0.034,375ML IDL -DS39,F3Y0063ARAQ110000X,48,0.916990291,INSIDE WAVY BODY,270,45000
09-02-2022,41.25,41.3,38.64,93.7,13,30,10447,7290,31157,38447,23.6,100.86,28.89,93.53,5393,1020,1225,1320,17.5,124.46,0.915,31574,102,3.64,4.32,3.51,234,105.3,14714.45141,-0.44237678,-0.021536529,1194.323129,0.353998378,1260.82692,1267.153406,1234.758745,1255.010307,1229.942607,1205.004381,1170.978445,1459.533691,1461.094336,1458.709409,1148.410829,1143.298768,1150.271268,1461.093544,786.7624865,1460.215915,1459.787714,495.2009736,13265.98958,211.9846797,179.9860724,220.738676,240.6515679,245.7491289,204.6480836,257.3538032,209.2205164,1224.380587,1047.432659,55537,1469.661775,1578.073375,1525.563242,421.6757512,1394.356394,474.5087352,1403.313986,987.6365546,1262.726894,1269.026426,1235.718359,1319.388928,1334.795174,290.5810557,1043.45191,246.3256339,799.9003009,287.7560656,937.2822303,298.6016773,1224.036164,294.4502523,1396.11421,248.2774486,1364.671309,317.1988856,1283.36707,248.9891297,1346.241013,581.9277,871.0587468,270.3816313,67.80693054,10,250,940,1200,298,0.503310555,16777216,259588.2572,934674,15647.57314,31046.63713,737.2282845,195.1018224,734.3446942,193.3291303,90.89241,3552.116349,4300,775.7742633,192.7489529,126.1443383,4044.263682,4300,111.5335649,4004.790657,4300,51.63700536,47.89522784,50.90122461,1297.65397,7.328051815,309,1020,31574,102,1229.341667,1193.062771,36.39194444,14290.91135,14738.74489,0.465277778,0.5,14290.91135,14738.74489,73.51227778,14290.91135,0.465277778,0.5,12.35370447,4.36,2.5166,70.2,1.82,0.102,9.48,3.24,13.61,1.05,0.034,375ML IDL -DS39,F3Y0063ARAQ110000X,48,0.93559322,Bubble (>2.5 mm),600,45454
09-02-2022,41.25,41.3,38.64,93.7,13,30,10447,7290,31157,38447,23.6,100.86,28.89,93.53,5393,1020,1225,1320,17.5,124.46,0.915,31574,102,3.64,4.32,3.51,234,105.3,14714.45141,-0.44237678,-0.021536529,1194.323129,0.353998378,1260.82692,1267.153406,1234.758745,1255.010307,1229.942607,1205.004381,1170.978445,1459.533691,1461.094336,1458.709409,1148.410829,1143.298768,1150.271268,1461.093544,786.7624865,1460.215915,1459.787714,495.2009736,13265.98958,211.9846797,179.9860724,220.738676,240.6515679,245.7491289,204.6480836,257.3538032,209.2205164,1224.380587,1047.432659,55537,1469.661775,1578.073375,1525.563242,421.6757512,1394.356394,474.5087352,1403.313986,987.6365546,1262.726894,1269.026426,1235.718359,1319.388928,1334.795174,290.5810557,1043.45191,246.3256339,799.9003009,287.7560656,937.2822303,298.6016773,1224.036164,294.4502523,1396.11421,248.2774486,1364.671309,317.1988856,1283.36707,248.9891297,1346.241013,581.9277,871.0587468,270.3816313,67.80693054,10,250,940,1200,298,0.503310555,16777216,259588.2572,934674,15647.57314,31046.63713,737.2282845,195.1018224,734.3446942,193.3291303,90.89241,3552.116349,4300,775.7742633,192.7489529,126.1443383,4044.263682,4300,111.5335649,4004.790657,4300,51.63700536,47.89522784,50.90122461,1297.65397,7.328051815,309,1020,31574,102,1229.341667,1193.062771,36.39194444,14290.91135,14738.74489,0.465277778,0.5,14290.91135,14738.74489,73.51227778,14290.91135,0.465277778,0.5,12.35370447,4.36,2.5166,70.2,1.82,0.102,9.48,3.24,13.61,1.05,0.034,375ML IDL -DS39,F3Y0063ARAQ110000X,48,0.93559322,CRACK UNDER FINISH,510,45535
09-02-2022,41.25,41.3,38.64,93.7,13,30,10447,7290,31157,38447,23.6,100.86,28.89,93.53,5393,1020,1225,1320,17.5,124.46,0.915,31574,102,3.64,4.32,3.51,234,105.3,14714.45141,-0.44237678,-0.021536529,1194.323129,0.353998378,1260.82692,1267.153406,1234.758745,1255.010307,1229.942607,1205.004381,1170.978445,1459.533691,1461.094336,1458.709409,1148.410829,1143.298768,1150.271268,1461.093544,786.7624865,1460.215915,1459.787714,495.2009736,13265.98958,211.9846797,179.9860724,220.738676,240.6515679,245.7491289,204.6480836,257.3538032,209.2205164,1224.380587,1047.432659,55537,1469.661775,1578.073375,1525.563242,421.6757512,1394.356394,474.5087352,1403.313986,987.6365546,1262.726894,1269.026426,1235.718359,1319.388928,1334.795174,290.5810557,1043.45191,246.3256339,799.9003009,287.7560656,937.2822303,298.6016773,1224.036164,294.4502523,1396.11421,248.2774486,1364.671309,317.1988856,1283.36707,248.9891297,1346.241013,581.9277,871.0587468,270.3816313,67.80693054,10,250,940,1200,298,0.503310555,16777216,259588.2572,934674,15647.57314,31046.63713,737.2282845,195.1018224,734.3446942,193.3291303,90.89241,3552.116349,4300,775.7742633,192.7489529,126.1443383,4044.263682,4300,111.5335649,4004.790657,4300,51.63700536,47.89522784,50.90122461,1297.65397,7.328051815,309,1020,31574,102,1229.341667,1193.062771,36.39194444,14290.91135,14738.74489,0.465277778,0.5,14290.91135,14738.74489,73.51227778,14290.91135,0.465277778,0.5,12.35370447,4.36,2.5166,70.2,1.82,0.102,9.48,3.24,13.61,1.05,0.034,375ML IDL -DS39,F3Y0063ARAQ110000X,48,0.93559322,COLD MOLD,315,45652
09-02-2022,41.25,41.3,38.64,93.7,13,30,10447,7290,31157,38447,23.6,100.86,28.89,93.53,5393,1020,1225,1320,17.5,124.46,0.915,31574,102,3.64,4.32,3.51,234,105.3,14714.45141,-0.44237678,-0.021536529,1194.323129,0.353998378,1260.82692,1267.153406,1234.758745,1255.010307,1229.942607,1205.004381,1170.978445,1459.533691,1461.094336,1458.709409,1148.410829,1143.298768,1150.271268,1461.093544,786.7624865,1460.215915,1459.787714,495.2009736,13265.98958,211.9846797,179.9860724,220.738676,240.6515679,245.7491289,204.6480836,257.3538032,209.2205164,1224.380587,1047.432659,55537,1469.661775,1578.073375,1525.563242,421.6757512,1394.356394,474.5087352,1403.313986,987.6365546,1262.726894,1269.026426,1235.718359,1319.388928,1334.795174,290.5810557,1043.45191,246.3256339,799.9003009,287.7560656,937.2822303,298.6016773,1224.036164,294.4502523,1396.11421,248.2774486,1364.671309,317.1988856,1283.36707,248.9891297,1346.241013,581.9277,871.0587468,270.3816313,67.80693054,10,250,940,1200,298,0.503310555,16777216,259588.2572,934674,15647.57314,31046.63713,737.2282845,195.1018224,734.3446942,193.3291303,90.89241,3552.116349,4300,775.7742633,192.7489529,126.1443383,4044.263682,4300,111.5335649,4004.790657,4300,51.63700536,47.89522784,50.90122461,1297.65397,7.328051815,309,1020,31574,102,1229.341667,1193.062771,36.39194444,14290.91135,14738.74489,0.465277778,0.5,14290.91135,14738.74489,73.51227778,14290.91135,0.465277778,0.5,12.35370447,4.36,2.5166,70.2,1.82,0.102,9.48,3.24,13.61,1.05,0.034,375ML IDL -DS39,F3Y0063ARAQ110000X,48,0.93559322,HOT MOLD CHECK,285,45238
09-02-2022,41.25,41.3,38.64,93.7,13,30,10447,7290,31157,38447,23.6,100.86,28.89,93.53,5393,1020,1225,1320,17.5,124.46,0.915,31574,102,3.64,4.32,3.51,234,105.3,14714.45141,-0.44237678,-0.021536529,1194.323129,0.353998378,1260.82692,1267.153406,1234.758745,1255.010307,1229.942607,1205.004381,1170.978445,1459.533691,1461.094336,1458.709409,1148.410829,1143.298768,1150.271268,1461.093544,786.7624865,1460.215915,1459.787714,495.2009736,13265.98958,211.9846797,179.9860724,220.738676,240.6515679,245.7491289,204.6480836,257.3538032,209.2205164,1224.380587,1047.432659,55537,1469.661775,1578.073375,1525.563242,421.6757512,1394.356394,474.5087352,1403.313986,987.6365546,1262.726894,1269.026426,1235.718359,1319.388928,1334.795174,290.5810557,1043.45191,246.3256339,799.9003009,287.7560656,937.2822303,298.6016773,1224.036164,294.4502523,1396.11421,248.2774486,1364.671309,317.1988856,1283.36707,248.9891297,1346.241013,581.9277,871.0587468,270.3816313,67.80693054,10,250,940,1200,298,0.503310555,16777216,259588.2572,934674,15647.57314,31046.63713,737.2282845,195.1018224,734.3446942,193.3291303,90.89241,3552.116349,4300,775.7742633,192.7489529,126.1443383,4044.263682,4300,111.5335649,4004.790657,4300,51.63700536,47.89522784,50.90122461,1297.65397,7.328051815,309,1020,31574,102,1229.341667,1193.062771,36.39194444,14290.91135,14738.74489,0.465277778,0.5,14290.91135,14738.74489,73.51227778,14290.91135,0.465277778,0.5,12.35370447,4.36,2.5166,70.2,1.82,0.102,9.48,3.24,13.61,1.05,0.034,375ML IDL -DS39,F3Y0063ARAQ110000X,48,0.93559322,INSIDE WAVY BODY,270,45000
12-02-2022,39.34,39.3,28.67,72.9,14,30,10236,6672,30212,36884,21.99,99.56,27.822,91.69,5712,1000,1229,1321,18.8,121.55,0.91,30574,101,5.46,3.34,10.73,232,105.3,14384.13454,-0.405147026,-0.01974263,1166.952691,0.36131504,1276.20824,1270.546046,1236.773157,1259.98134,1233.234003,1209.646868,1179.47232,1459.533691,1461.096102,1458.70186,1153.774752,1155.462764,1157.103846,1461.084703,786.7487269,1460.20811,1459.749894,491.0722724,12967.02153,210.6490618,179.545961,219.8140669,241.4108635,244.4575209,204.0578397,257.58159,208.0794979,1224.781425,1049.122121,35153.9162,1474.241958,1580.777622,1529.092308,418.5902098,1397.886014,474.5083916,1397.165734,984.7944056,1278.184979,1272.430459,1237.776773,1320.337071,1320.609499,291.8273481,1032.119464,252.2821987,792.1020041,288.0942717,930.4558079,300.7531195,1220.80357,295.8729111,1389.195049,249.6379534,1356.551186,319.6906134,1265.269905,235.3974131,1329.95208,584.5342193,860.9748738,271.7415232,67.80693054,10,250,940,1200,298,0.493458603,16777216,353020.487,934674,15366.89344,31372.22599,717.839074,191.7150227,714.2184781,189.8426218,88.32529032,3511.453513,4300,755.6725398,189.1936591,124.9231941,4010.967559,4300,109.6800645,3975.461163,4300,51.21121829,47.3769984,50.47236181,1263.284828,7.155510557,303,1000,30574,101,1216.467361,1178.622882,37.61578472,14039.83453,14510.11501,0.460416667,0.504861111,14039.83453,14510.11501,72.59131944,14039.83453,0.460416667,0.504861111,12.31107527,12.59,2.518,69.9,1.77,0.113,9.78,3.14,13.84,0.96,0.036,16 OZ VINEGAR SHELF STOCK,F3Y0191QRQQ110000X,46,0.729516539,THIN SHOULDER,645,17622
12-02-2022,39.34,39.3,28.67,72.9,14,30,10236,6672,30212,36884,21.99,99.56,27.822,91.69,5712,1000,1229,1321,18.8,121.55,0.91,30574,101,5.46,3.34,10.73,232,105.3,14384.13454,-0.405147026,-0.01974263,1166.952691,0.36131504,1276.20824,1270.546046,1236.773157,1259.98134,1233.234003,1209.646868,1179.47232,1459.533691,1461.096102,1458.70186,1153.774752,1155.462764,1157.103846,1461.084703,786.7487269,1460.20811,1459.749894,491.0722724,12967.02153,210.6490618,179.545961,219.8140669,241.4108635,244.4575209,204.0578397,257.58159,208.0794979,1224.781425,1049.122121,35153.9162,1474.241958,1580.777622,1529.092308,418.5902098,1397.886014,474.5083916,1397.165734,984.7944056,1278.184979,1272.430459,1237.776773,1320.337071,1320.609499,291.8273481,1032.119464,252.2821987,792.1020041,288.0942717,930.4558079,300.7531195,1220.80357,295.8729111,1389.195049,249.6379534,1356.551186,319.6906134,1265.269905,235.3974131,1329.95208,584.5342193,860.9748738,271.7415232,67.80693054,10,250,940,1200,298,0.493458603,16777216,353020.487,934674,15366.89344,31372.22599,717.839074,191.7150227,714.2184781,189.8426218,88.32529032,3511.453513,4300,755.6725398,189.1936591,124.9231941,4010.967559,4300,109.6800645,3975.461163,4300,51.21121829,47.3769984,50.47236181,1263.284828,7.155510557,303,1000,30574,101,1216.467361,1178.622882,37.61578472,14039.83453,14510.11501,0.460416667,0.504861111,14039.83453,14510.11501,72.59131944,14039.83453,0.460416667,0.504861111,12.31107527,12.59,2.518,69.9,1.77,0.113,9.78,3.14,13.84,0.96,0.036,16 OZ VINEGAR SHELF STOCK,F3Y0191QRQQ110000X,46,0.729516539,THIN BODY,570,17647
12-02-2022,39.34,39.3,28.67,72.9,14,30,10236,6672,30212,36884,21.99,99.56,27.822,91.69,5712,1000,1229,1321,18.8,121.55,0.91,30574,101,5.46,3.34,10.73,232,105.3,14384.13454,-0.405147026,-0.01974263,1166.952691,0.36131504,1276.20824,1270.546046,1236.773157,1259.98134,1233.234003,1209.646868,1179.47232,1459.533691,1461.096102,1458.70186,1153.774752,1155.462764,1157.103846,1461.084703,786.7487269,1460.20811,1459.749894,491.0722724,12967.02153,210.6490618,179.545961,219.8140669,241.4108635,244.4575209,204.0578397,257.58159,208.0794979,1224.781425,1049.122121,35153.9162,1474.241958,1580.777622,1529.092308,418.5902098,1397.886014,474.5083916,1397.165734,984.7944056,1278.184979,1272.430459,1237.776773,1320.337071,1320.609499,291.8273481,1032.119464,252.2821987,792.1020041,288.0942717,930.4558079,300.7531195,1220.80357,295.8729111,1389.195049,249.6379534,1356.551186,319.6906134,1265.269905,235.3974131,1329.95208,584.5342193,860.9748738,271.7415232,67.80693054,10,250,940,1200,298,0.493458603,16777216,353020.487,934674,15366.89344,31372.22599,717.839074,191.7150227,714.2184781,189.8426218,88.32529032,3511.453513,4300,755.6725398,189.1936591,124.9231941,4010.967559,4300,109.6800645,3975.461163,4300,51.21121829,47.3769984,50.47236181,1263.284828,7.155510557,303,1000,30574,101,1216.467361,1178.622882,37.61578472,14039.83453,14510.11501,0.460416667,0.504861111,14039.83453,14510.11501,72.59131944,14039.83453,0.460416667,0.504861111,12.31107527,12.59,2.518,69.9,1.77,0.113,9.78,3.14,13.84,0.96,0.036,16 OZ VINEGAR SHELF STOCK,F3Y0191QRQQ110000X,46,0.729516539,Bubble (>2.5 mm),495,17615
12-02-2022,39.34,39.3,28.67,72.9,14,30,10236,6672,30212,36884,21.99,99.56,27.822,91.69,5712,1000,1229,1321,18.8,121.55,0.91,30574,101,5.46,3.34,10.73,232,105.3,14384.13454,-0.405147026,-0.01974263,1166.952691,0.36131504,1276.20824,1270.546046,1236.773157,1259.98134,1233.234003,1209.646868,1179.47232,1459.533691,1461.096102,1458.70186,1153.774752,1155.462764,1157.103846,1461.084703,786.7487269,1460.20811,1459.749894,491.0722724,12967.02153,210.6490618,179.545961,219.8140669,241.4108635,244.4575209,204.0578397,257.58159,208.0794979,1224.781425,1049.122121,35153.9162,1474.241958,1580.777622,1529.092308,418.5902098,1397.886014,474.5083916,1397.165734,984.7944056,1278.184979,1272.430459,1237.776773,1320.337071,1320.609499,291.8273481,1032.119464,252.2821987,792.1020041,288.0942717,930.4558079,300.7531195,1220.80357,295.8729111,1389.195049,249.6379534,1356.551186,319.6906134,1265.269905,235.3974131,1329.95208,584.5342193,860.9748738,271.7415232,67.80693054,10,250,940,1200,298,0.493458603,16777216,353020.487,934674,15366.89344,31372.22599,717.839074,191.7150227,714.2184781,189.8426218,88.32529032,3511.453513,4300,755.6725398,189.1936591,124.9231941,4010.967559,4300,109.6800645,3975.461163,4300,51.21121829,47.3769984,50.47236181,1263.284828,7.155510557,303,1000,30574,101,1216.467361,1178.622882,37.61578472,14039.83453,14510.11501,0.460416667,0.504861111,14039.83453,14510.11501,72.59131944,14039.83453,0.460416667,0.504861111,12.31107527,12.59,2.518,69.9,1.77,0.113,9.78,3.14,13.84,0.96,0.036,16 OZ VINEGAR SHELF STOCK,F3Y0191QRQQ110000X,46,0.729516539,LAP MARK,300,17647
12-02-2022,39.34,39.3,28.67,72.9,14,30,10236,6672,30212,36884,21.99,99.56,27.822,91.69,5712,1000,1229,1321,18.8,121.55,0.91,30574,101,5.46,3.34,10.73,232,105.3,14384.13454,-0.405147026,-0.01974263,1166.952691,0.36131504,1276.20824,1270.546046,1236.773157,1259.98134,1233.234003,1209.646868,1179.47232,1459.533691,1461.096102,1458.70186,1153.774752,1155.462764,1157.103846,1461.084703,786.7487269,1460.20811,1459.749894,491.0722724,12967.02153,210.6490618,179.545961,219.8140669,241.4108635,244.4575209,204.0578397,257.58159,208.0794979,1224.781425,1049.122121,35153.9162,1474.241958,1580.777622,1529.092308,418.5902098,1397.886014,474.5083916,1397.165734,984.7944056,1278.184979,1272.430459,1237.776773,1320.337071,1320.609499,291.8273481,1032.119464,252.2821987,792.1020041,288.0942717,930.4558079,300.7531195,1220.80357,295.8729111,1389.195049,249.6379534,1356.551186,319.6906134,1265.269905,235.3974131,1329.95208,584.5342193,860.9748738,271.7415232,67.80693054,10,250,940,1200,298,0.493458603,16777216,353020.487,934674,15366.89344,31372.22599,717.839074,191.7150227,714.2184781,189.8426218,88.32529032,3511.453513,4300,755.6725398,189.1936591,124.9231941,4010.967559,4300,109.6800645,3975.461163,4300,51.21121829,47.3769984,50.47236181,1263.284828,7.155510557,303,1000,30574,101,1216.467361,1178.622882,37.61578472,14039.83453,14510.11501,0.460416667,0.504861111,14039.83453,14510.11501,72.59131944,14039.83453,0.460416667,0.504861111,12.31107527,12.59,2.518,69.9,1.77,0.113,9.78,3.14,13.84,0.96,0.036,16 OZ VINEGAR SHELF STOCK,F3Y0191QRQQ110000X,46,0.729516539,CRACK UNDER FINISH,210,17647
13-02-2022,36.68,36.7,29.74,81.1,18,30,10419,6348,29745,36093,21.37,100.15,27.792,93.58,5729,1018,1230,1322,19.3,121.53,0.91,30541,103,3.72,2.75,4.6,106,105.3,14288.08956,-0.405132338,-0.016568643,1163.172484,0.361971351,1276.31877,1272.080218,1239.273005,1259.92536,1236.636829,1218.417265,1183.156343,1459.533679,1461.095714,1458.702989,1156.493569,1158.335547,1159.707313,1461.086148,786.7820604,1460.201545,1459.754275,491.6615705,12880.12292,210.7195546,179.1670146,219.7654836,240.5935978,244.9756437,203.2878049,257.866899,208.9804878,1227.920447,1050.110879,52198.11732,1463.194134,1576.969972,1521.054469,419.3484637,1386.306778,474.5562544,1386.486373,989.9168414,1278.268056,1273.98125,1240.202224,1320.978215,1317.602567,292.9637348,1031.579653,253.393395,788.007859,291.7135761,919.3816575,300.4060187,1208.157103,295.4609296,1376.802698,249.6728894,1347.244868,320.3494975,1255.28517,235.9158896,1326.940076,586.4031761,855.4873893,272.4016628,67.80693054,10,250,940,1200,298,0.484445675,16777216,383291.4553,934674,15224.82171,30335.16913,711.7544439,191.0571311,708.3969183,189.3315788,87.64418184,3500.127425,4300,747.9254284,188.6250389,124.6643114,3979.715106,4300,109.7834649,3947.473536,4300,51.30550105,47.5903202,50.62604406,1251.973607,7.232690355,297,1018,30541,103,1198.095833,1159.841486,33.17738889,13805.33103,14273.14581,0.46875,0.497222222,13805.33103,14273.14581,71.59099306,13805.33103,0.46875,0.497222222,12.30611767,7.4,2.5182,69.9,1.77,0.113,9.78,3.14,13.84,0.96,0.036,340ML SUNQUICK (PAL) -DS40,F3X0068QRNQ110002X,38,0.810354223,,,
14-02-2022,36.4,36.4,31.85,87.5,12,30,10302,6739,30747,37486,22.26,101.54,27.889,92.1,5530,1006,1226,1320,18.3,123.8,0.906,30783,102,3.83,3.01,4.01,50,105.3,14066.3481,-0.40508246,-0.02331492,1148.774868,0.359287874,1274.642932,1267.788686,1234.674784,1259.95977,1236.956224,1220.006802,1184.051646,1459.533659,1461.09584,1458.701908,1156.8241,1158.708436,1160.015204,1461.082914,786.7622321,1460.20612,1459.750383,484.4756944,12680.52222,211.4847222,179.3822099,220.4826147,240.8066759,245.2943633,203.5097493,258.2778552,208.8864111,1229.167247,1052.356098,55537,1473.534218,1580.677374,1526.897973,421.2047519,1385.138365,461.8651293,1392.499651,992.7109867,1276.46875,1269.670139,1235.653231,1322.167832,1323.486921,293.5824256,1038.37514,253.8653204,793.1277235,289.8650746,921.745727,301.0339307,1214.530337,296.1162822,1383.248546,250.3201413,1355.557975,322.2084048,1261.023645,244.8716808,1332.586515,586.0679204,860.1073744,271.5881974,67.80693054,10,250,940,1200,298,0.50389935,16777216,412873.7825,934674,15054.45206,29795.60224,719.9605287,192.2919587,716.6224282,190.5693862,88.25380843,3516.286089,4300,757.3152984,189.9849689,124.6359414,3999.925993,4300,111.0533549,3967.891728,4300,51.38122056,47.68526278,50.70734166,1266.612279,7.696005198,303,1006,30783,102,1182.804167,1144.684653,36.02713889,13574.02476,14034.76985,0.478472222,0.486111111,13574.02476,14034.76985,70.866125,13574.02476,0.478472222,0.486111111,12.2608177,7.4,2.519,69.9,1.77,0.113,9.78,3.14,13.84,0.96,0.036,340ML SUNQUICK (PAL) -DS40,F3X0068QRNQ110002X,38,0.875,,,
15-02-2022,36.18,36.2,32.12,88.8,12,30,10328,6978,31086,38064,23.39,104.19,27.43,91.94,5717,1007,1226,1320,19.2,127.58,0.91,30143,101,2.84,2.75,5.03,60,105.3,13690.62822,-0.405298748,-0.024684171,1147.822757,0.356656518,1272.687326,1271.471946,1235.686949,1259.975418,1236.979763,1220.03377,1184.054571,1459.533685,1461.095736,1458.702549,1156.67609,1158.564177,1160.002437,1461.087627,786.7567949,1460.214743,1459.767703,486.5041725,12340.22569,211.3331015,179.1376912,221.0820584,240.5465925,245.2581768,204.0494085,257.2887961,207.8891986,1225.475593,1050.965157,55537,1461.914923,1573.961592,1518.506983,416.572327,1387.110412,470.5087352,1386.044025,988.5573427,1274.609875,1273.368567,1236.628392,1319.868531,1334.793776,294.855655,1044.075313,253.2974038,798.4161927,292.8833968,928.8658552,301.2558573,1226.724237,297.104947,1393.998686,249.6101292,1366.199824,321.6493349,1273.943614,253.3737111,1341.207347,587.5684782,868.4528299,272.0411986,67.80693054,10,250,940,1200,298,0.495176144,16777216,444110.7304,934674,15625.25386,30641.00351,736.8720002,195.368841,733.6650546,193.5849838,90.53939086,3544.612311,4300,775.0828048,192.9676123,126.1165922,4034.158225,4300,112.2529228,3998.142917,4300,51.80363763,48.04895026,51.08637802,1296.587721,7.721846459,298,1007,30143,101,1193.611806,1154.762264,39.1716875,13424.67799,13904.39025,0.4625,0.501388889,13424.67799,13904.39025,70.36445139,13424.67799,0.4625,0.501388889,12.04091152,7.4,2.5174,69.9,1.77,0.113,9.78,3.14,13.84,0.96,0.036,340ML SUNQUICK (PAL) -DS40,F3X0068QRNQ110002X,38,0.887292818,,,
16-02-2022,36.52,35.8,26.69,74.7,19,30,10293,6862,31391,38253,23.05,105.45,27.231,91.47,5732,1004,1227,1320,19.3,128.5,0.91,29924,101,3.82,1.85,4,151,105.3,13292.41887,-0.410795914,-0.041226097,1139.361671,0.35914289,1272.021519,1271.45384,1235.567419,1259.980687,1236.274399,1218.13228,1183.965411,1459.533301,1461.083745,1458.712205,1156.826681,1158.798249,1159.992871,1461.080755,786.7001129,1460.230334,1459.783139,486.7282835,11982.75556,211.4468381,179.1118833,221.4075104,240.0723227,245.2896936,204.7038328,257.7923345,209.2894003,1226.127615,1050.947699,55537,1455.578911,1572.094274,1512.40852,418.9629888,1381.62919,470.4692737,1377.488128,991.1334731,1273.821404,1273.366736,1236.447075,1319.831114,1329.477051,295.3314429,1038.004224,253.6679093,794.8539624,294.1770161,927.0103898,302.0881665,1225.650453,297.2624178,1392.740461,250.6692471,1367.930767,318.0756966,1275.093929,244.3288657,1340.259529,588.7129721,871.3728595,272.6305131,67.80693054,10,250,940,1200,298,0.501564857,16777216,475166.4954,934674,15642.5207,31050.05267,739.4161326,196.4600885,737.3467242,194.6139313,90.62822098,3541.188411,4300,778.1315882,193.9960834,127.9668696,4035.943127,4300,112.5945637,3985.683076,4300,52.20333745,48.36885405,51.36959965,1302.037589,7.678732571,298,1004,29924,101,1180,1140.091861,30.17052083,12831.6041,13311.54938,0.472222222,0.493055556,12831.6041,13311.54938,68.06396528,12831.6041,0.472222222,0.493055556,11.67585686,7.4,2.5194,69.9,1.77,0.113,9.78,3.14,13.84,0.96,0.036,6OZ MINERAL -DS66,F3W0106QLQQ110000X,39,0.745530726,,,
